Type,Anal.,Sample Name,Sample ID,Treatment,Origin,Originc,Cal. Curve,Manual Dilution,Date / Time,Spl. No.,Inj. No.,Analysis(Inj.),Area,Mean Area,Conc.,Mean Conc.,Result,NPOC_ppm,TN_ppm,SD Area,SD Conc,Vial,Excluded,Inj. Vol.
Unknown,NPOC/TN,MQ,MQ,MQ,,C:\TOC-L\Methods\NPOC-TN_9ml_CB_150ulinj_220831.met,C:\TOC-L\CalCurves\NPOC_2-50ppm_9ml_150ul_CB.2022_08_31_20_26_13.cal,"1,00",2022-09-09 15:27,1,1,NPOC,"13,71","13,24","1,557","1,527",NPOC:1.527 TN:0.07191,1.527,0.07191,"0,4801","0,03066",1,0,150
Unknown,NPOC/TN,MQ,MQ,MQ,,C:\TOC-L\Methods\NPOC-TN_9ml_CB_150ulinj_220831.met,C:\TOC-L\CalCurves\NPOC_2-50ppm_9ml_150ul_CB.2022_08_31_20_26_13.cal,"1,00",2022-09-09 15:30,1,2,NPOC,"13,25","13,24","1,528","1,527",NPOC:1.527 TN:0.07191,1.527,0.07191,"0,4801","0,03066",1,0,150
Unknown,NPOC/TN,MQ,MQ,MQ,,C:\TOC-L\Methods\NPOC-TN_9ml_CB_150ulinj_220831.met,C:\TOC-L\CalCurves\NPOC_2-50ppm_9ml_150ul_CB.2022_08_31_20_26_13.cal,"1,00",2022-09-09 15:34,1,3,NPOC,"12,75","13,24","1,496","1,527",NPOC:1.527 TN:0.07191,1.527,0.07191,"0,4801","0,03066",1,0,150
Unknown,NPOC/TN,MQ,MQ,MQ,,C:\TOC-L\Methods\NPOC-TN_9ml_CB_150ulinj_220831.met,"C:\TOC-L\CalCurves\TN_0,2-5ppm_9ml_150ul_CB.2022_08_31_21_55_41.cal","1,00",2022-09-09 15:27,1,1,TN,"0,7322","0,7393","0,07167","0,07191",NPOC:1.527 TN:0.07191,1.527,0.07191,"0,1285","0,00434",1,0,150
Unknown,NPOC/TN,MQ,MQ,MQ,,C:\TOC-L\Methods\NPOC-TN_9ml_CB_150ulinj_220831.met,"C:\TOC-L\CalCurves\TN_0,2-5ppm_9ml_150ul_CB.2022_08_31_21_55_41.cal","1,00",2022-09-09 15:30,1,2,TN,"0,8712","0,7393","0,07637","0,07191",NPOC:1.527 TN:0.07191,1.527,0.07191,"0,1285","0,00434",1,0,150
Unknown,NPOC/TN,MQ,MQ,MQ,,C:\TOC-L\Methods\NPOC-TN_9ml_CB_150ulinj_220831.met,"C:\TOC-L\CalCurves\TN_0,2-5ppm_9ml_150ul_CB.2022_08_31_21_55_41.cal","1,00",2022-09-09 15:34,1,3,TN,"0,6145","0,7393","0,06770","0,07191",NPOC:1.527 TN:0.07191,1.527,0.07191,"0,1285","0,00434",1,0,150
Unknown,NPOC/TN,MQ,MQ,MQ,,C:\TOC-L\Methods\NPOC-TN_9ml_CB_150ulinj_220831.met,C:\TOC-L\CalCurves\NPOC_2-50ppm_9ml_150ul_CB.2022_08_31_20_26_13.cal,"1,00",2022-09-09 15:39,1,1,NPOC,"14,14","13,05","1,584","1,515",NPOC:1.515 TN:0.05621,1.515,0.05621,"0,2272","0,01451",2,1,150
Unknown,NPOC/TN,MQ,MQ,MQ,,C:\TOC-L\Methods\NPOC-TN_9ml_CB_150ulinj_220831.met,C:\TOC-L\CalCurves\NPOC_2-50ppm_9ml_150ul_CB.2022_08_31_20_26_13.cal,"1,00",2022-09-09 15:42,1,2,NPOC,"12,81","13,05","1,499","1,515",NPOC:1.515 TN:0.05621,1.515,0.05621,"0,2272","0,01451",2,0,150
Unknown,NPOC/TN,MQ,MQ,MQ,,C:\TOC-L\Methods\NPOC-TN_9ml_CB_150ulinj_220831.met,C:\TOC-L\CalCurves\NPOC_2-50ppm_9ml_150ul_CB.2022_08_31_20_26_13.cal,"1,00",2022-09-09 15:46,1,3,NPOC,"13,26","13,05","1,528","1,515",NPOC:1.515 TN:0.05621,1.515,0.05621,"0,2272","0,01451",2,0,150
Unknown,NPOC/TN,MQ,MQ,MQ,,C:\TOC-L\Methods\NPOC-TN_9ml_CB_150ulinj_220831.met,C:\TOC-L\CalCurves\NPOC_2-50ppm_9ml_150ul_CB.2022_08_31_20_26_13.cal,"1,00",2022-09-09 15:49,1,4,NPOC,"13,09","13,05","1,517","1,515",NPOC:1.515 TN:0.05621,1.515,0.05621,"0,2272","0,01451",2,0,150
Unknown,NPOC/TN,MQ,MQ,MQ,,C:\TOC-L\Methods\NPOC-TN_9ml_CB_150ulinj_220831.met,"C:\TOC-L\CalCurves\TN_0,2-5ppm_9ml_150ul_CB.2022_08_31_21_55_41.cal","1,00",2022-09-09 15:39,1,1,TN,"0,2911","0,2744","0,05677","0,05621",NPOC:1.515 TN:0.05621,1.515,0.05621,"0,01936","0,00065",2,0,150
Unknown,NPOC/TN,MQ,MQ,MQ,,C:\TOC-L\Methods\NPOC-TN_9ml_CB_150ulinj_220831.met,"C:\TOC-L\CalCurves\TN_0,2-5ppm_9ml_150ul_CB.2022_08_31_21_55_41.cal","1,00",2022-09-09 15:42,1,2,TN,"0,2532","0,2744","0,05549","0,05621",NPOC:1.515 TN:0.05621,1.515,0.05621,"0,01936","0,00065",2,0,150
Unknown,NPOC/TN,MQ,MQ,MQ,,C:\TOC-L\Methods\NPOC-TN_9ml_CB_150ulinj_220831.met,"C:\TOC-L\CalCurves\TN_0,2-5ppm_9ml_150ul_CB.2022_08_31_21_55_41.cal","1,00",2022-09-09 15:46,1,3,TN,"0,2790","0,2744","0,05636","0,05621",NPOC:1.515 TN:0.05621,1.515,0.05621,"0,01936","0,00065",2,0,150
Unknown,NPOC/TN,MQ,MQ,MQ,,C:\TOC-L\Methods\NPOC-TN_9ml_CB_150ulinj_220831.met,C:\TOC-L\CalCurves\NPOC_2-50ppm_9ml_150ul_CB.2022_08_31_20_26_13.cal,"1,00",2022-09-09 15:54,1,1,NPOC,"13,31","13,19","1,531","1,524",NPOC:1.524 TN:0.05246,1.524,0.05246,"0,1935","0,01235",3,0,150
Unknown,NPOC/TN,MQ,MQ,MQ,,C:\TOC-L\Methods\NPOC-TN_9ml_CB_150ulinj_220831.met,C:\TOC-L\CalCurves\NPOC_2-50ppm_9ml_150ul_CB.2022_08_31_20_26_13.cal,"1,00",2022-09-09 15:58,1,2,NPOC,"13,30","13,19","1,531","1,524",NPOC:1.524 TN:0.05246,1.524,0.05246,"0,1935","0,01235",3,0,150
Unknown,NPOC/TN,MQ,MQ,MQ,,C:\TOC-L\Methods\NPOC-TN_9ml_CB_150ulinj_220831.met,C:\TOC-L\CalCurves\NPOC_2-50ppm_9ml_150ul_CB.2022_08_31_20_26_13.cal,"1,00",2022-09-09 16:01,1,3,NPOC,"12,97","13,19","1,510","1,524",NPOC:1.524 TN:0.05246,1.524,0.05246,"0,1935","0,01235",3,0,150
Unknown,NPOC/TN,MQ,MQ,MQ,,C:\TOC-L\Methods\NPOC-TN_9ml_CB_150ulinj_220831.met,"C:\TOC-L\CalCurves\TN_0,2-5ppm_9ml_150ul_CB.2022_08_31_21_55_41.cal","1,00",2022-09-09 15:54,1,1,TN,"0,1764","0,1634","0,05290","0,05246",NPOC:1.524 TN:0.05246,1.524,0.05246,"0,1573","0,00531",3,0,150
Unknown,NPOC/TN,MQ,MQ,MQ,,C:\TOC-L\Methods\NPOC-TN_9ml_CB_150ulinj_220831.met,"C:\TOC-L\CalCurves\TN_0,2-5ppm_9ml_150ul_CB.2022_08_31_21_55_41.cal","1,00",2022-09-09 15:58,1,2,TN,"0,000","0,1634","0,04694","0,05246",NPOC:1.524 TN:0.05246,1.524,0.05246,"0,1573","0,00531",3,0,150
Unknown,NPOC/TN,MQ,MQ,MQ,,C:\TOC-L\Methods\NPOC-TN_9ml_CB_150ulinj_220831.met,"C:\TOC-L\CalCurves\TN_0,2-5ppm_9ml_150ul_CB.2022_08_31_21_55_41.cal","1,00",2022-09-09 16:01,1,3,TN,"0,3138","0,1634","0,05754","0,05246",NPOC:1.524 TN:0.05246,1.524,0.05246,"0,1573","0,00531",3,0,150
Unknown,NPOC/TN,MQ,MQ,MQ,,C:\TOC-L\Methods\NPOC-TN_9ml_CB_150ulinj_220831.met,C:\TOC-L\CalCurves\NPOC_2-50ppm_9ml_150ul_CB.2022_08_31_20_26_13.cal,"1,00",2022-09-09 16:07,1,1,NPOC,"13,34","13,33","1,533","1,532",NPOC:1.532 TN:0.06458,1.532,0.06458,"0,07095","0,00453",4,0,150
Unknown,NPOC/TN,MQ,MQ,MQ,,C:\TOC-L\Methods\NPOC-TN_9ml_CB_150ulinj_220831.met,C:\TOC-L\CalCurves\NPOC_2-50ppm_9ml_150ul_CB.2022_08_31_20_26_13.cal,"1,00",2022-09-09 16:10,1,2,NPOC,"13,39","13,33","1,537","1,532",NPOC:1.532 TN:0.06458,1.532,0.06458,"0,07095","0,00453",4,0,150
Unknown,NPOC/TN,MQ,MQ,MQ,,C:\TOC-L\Methods\NPOC-TN_9ml_CB_150ulinj_220831.met,C:\TOC-L\CalCurves\NPOC_2-50ppm_9ml_150ul_CB.2022_08_31_20_26_13.cal,"1,00",2022-09-09 16:13,1,3,NPOC,"13,25","13,33","1,528","1,532",NPOC:1.532 TN:0.06458,1.532,0.06458,"0,07095","0,00453",4,0,150
Unknown,NPOC/TN,MQ,MQ,MQ,,C:\TOC-L\Methods\NPOC-TN_9ml_CB_150ulinj_220831.met,"C:\TOC-L\CalCurves\TN_0,2-5ppm_9ml_150ul_CB.2022_08_31_21_55_41.cal","1,00",2022-09-09 16:07,1,1,TN,"0,5596","0,5223","0,06584","0,06458",NPOC:1.532 TN:0.06458,1.532,0.06458,"0,08809","0,00298",4,0,150
Unknown,NPOC/TN,MQ,MQ,MQ,,C:\TOC-L\Methods\NPOC-TN_9ml_CB_150ulinj_220831.met,"C:\TOC-L\CalCurves\TN_0,2-5ppm_9ml_150ul_CB.2022_08_31_21_55_41.cal","1,00",2022-09-09 16:10,1,2,TN,"0,5856","0,5223","0,06672","0,06458",NPOC:1.532 TN:0.06458,1.532,0.06458,"0,08809","0,00298",4,0,150
Unknown,NPOC/TN,MQ,MQ,MQ,,C:\TOC-L\Methods\NPOC-TN_9ml_CB_150ulinj_220831.met,"C:\TOC-L\CalCurves\TN_0,2-5ppm_9ml_150ul_CB.2022_08_31_21_55_41.cal","1,00",2022-09-09 16:13,1,3,TN,"0,4217","0,5223","0,06118","0,06458",NPOC:1.532 TN:0.06458,1.532,0.06458,"0,08809","0,00298",4,0,150
Unknown,NPOC/TN,"aniontd2 0,905pppmN","aniontd2 0,905pppmN",Calib1_N,,C:\TOC-L\Methods\NPOC-TN_9ml_CB_150ulinj_220831.met,C:\TOC-L\CalCurves\NPOC_2-50ppm_9ml_150ul_CB.2022_08_31_20_26_13.cal,"1,00",2022-09-09 16:19,1,1,NPOC,"2,350","2,599","0,8317","0,8475",NPOC:0.8475 TN:0.7751,0.8475,0.7751,"0,2465","0,01574",5,0,150
Unknown,NPOC/TN,"aniontd2 0,905pppmN","aniontd2 0,905pppmN",Calib1_N,,C:\TOC-L\Methods\NPOC-TN_9ml_CB_150ulinj_220831.met,C:\TOC-L\CalCurves\NPOC_2-50ppm_9ml_150ul_CB.2022_08_31_20_26_13.cal,"1,00",2022-09-09 16:23,1,2,NPOC,"2,603","2,599","0,8478","0,8475",NPOC:0.8475 TN:0.7751,0.8475,0.7751,"0,2465","0,01574",5,0,150
Unknown,NPOC/TN,"aniontd2 0,905pppmN","aniontd2 0,905pppmN",Calib1_N,,C:\TOC-L\Methods\NPOC-TN_9ml_CB_150ulinj_220831.met,C:\TOC-L\CalCurves\NPOC_2-50ppm_9ml_150ul_CB.2022_08_31_20_26_13.cal,"1,00",2022-09-09 16:27,1,3,NPOC,"2,843","2,599","0,8631","0,8475",NPOC:0.8475 TN:0.7751,0.8475,0.7751,"0,2465","0,01574",5,0,150
Unknown,NPOC/TN,"aniontd2 0,905pppmN","aniontd2 0,905pppmN",Calib1_N,,C:\TOC-L\Methods\NPOC-TN_9ml_CB_150ulinj_220831.met,"C:\TOC-L\CalCurves\TN_0,2-5ppm_9ml_150ul_CB.2022_08_31_21_55_41.cal","1,00",2022-09-09 16:19,1,1,TN,"21,24","21,55","0,7645","0,7751",NPOC:0.8475 TN:0.7751,0.8475,0.7751,"0,3371","0,01139",5,0,150
Unknown,NPOC/TN,"aniontd2 0,905pppmN","aniontd2 0,905pppmN",Calib1_N,,C:\TOC-L\Methods\NPOC-TN_9ml_CB_150ulinj_220831.met,"C:\TOC-L\CalCurves\TN_0,2-5ppm_9ml_150ul_CB.2022_08_31_21_55_41.cal","1,00",2022-09-09 16:23,1,2,TN,"21,91","21,55","0,7872","0,7751",NPOC:0.8475 TN:0.7751,0.8475,0.7751,"0,3371","0,01139",5,0,150
Unknown,NPOC/TN,"aniontd2 0,905pppmN","aniontd2 0,905pppmN",Calib1_N,,C:\TOC-L\Methods\NPOC-TN_9ml_CB_150ulinj_220831.met,"C:\TOC-L\CalCurves\TN_0,2-5ppm_9ml_150ul_CB.2022_08_31_21_55_41.cal","1,00",2022-09-09 16:27,1,3,TN,"21,51","21,55","0,7736","0,7751",NPOC:0.8475 TN:0.7751,0.8475,0.7751,"0,3371","0,01139",5,0,150
Unknown,NPOC/TN,"NH4Cl 0,967ppm N","NH4Cl 0,967ppm N",Calib2_N,,C:\TOC-L\Methods\NPOC-TN_9ml_CB_150ulinj_220831.met,C:\TOC-L\CalCurves\NPOC_2-50ppm_9ml_150ul_CB.2022_08_31_20_26_13.cal,"1,00",2022-09-09 16:33,1,1,NPOC,"2,642","2,600","0,8503","0,8476",NPOC:0.8476 TN:0.9388,0.8476,0.9388,"0,09986","0,00638",6,0,150
Unknown,NPOC/TN,"NH4Cl 0,967ppm N","NH4Cl 0,967ppm N",Calib2_N,,C:\TOC-L\Methods\NPOC-TN_9ml_CB_150ulinj_220831.met,C:\TOC-L\CalCurves\NPOC_2-50ppm_9ml_150ul_CB.2022_08_31_20_26_13.cal,"1,00",2022-09-09 16:36,1,2,NPOC,"2,672","2,600","0,8522","0,8476",NPOC:0.8476 TN:0.9388,0.8476,0.9388,"0,09986","0,00638",6,0,150
Unknown,NPOC/TN,"NH4Cl 0,967ppm N","NH4Cl 0,967ppm N",Calib2_N,,C:\TOC-L\Methods\NPOC-TN_9ml_CB_150ulinj_220831.met,C:\TOC-L\CalCurves\NPOC_2-50ppm_9ml_150ul_CB.2022_08_31_20_26_13.cal,"1,00",2022-09-09 16:40,1,3,NPOC,"2,486","2,600","0,8403","0,8476",NPOC:0.8476 TN:0.9388,0.8476,0.9388,"0,09986","0,00638",6,0,150
Unknown,NPOC/TN,"NH4Cl 0,967ppm N","NH4Cl 0,967ppm N",Calib2_N,,C:\TOC-L\Methods\NPOC-TN_9ml_CB_150ulinj_220831.met,"C:\TOC-L\CalCurves\TN_0,2-5ppm_9ml_150ul_CB.2022_08_31_21_55_41.cal","1,00",2022-09-09 16:33,1,1,TN,"26,75","26,40","0,9507","0,9388",NPOC:0.8476 TN:0.9388,0.8476,0.9388,"0,3242","0,01095",6,0,150
Unknown,NPOC/TN,"NH4Cl 0,967ppm N","NH4Cl 0,967ppm N",Calib2_N,,C:\TOC-L\Methods\NPOC-TN_9ml_CB_150ulinj_220831.met,"C:\TOC-L\CalCurves\TN_0,2-5ppm_9ml_150ul_CB.2022_08_31_21_55_41.cal","1,00",2022-09-09 16:36,1,2,TN,"26,34","26,40","0,9368","0,9388",NPOC:0.8476 TN:0.9388,0.8476,0.9388,"0,3242","0,01095",6,0,150
Unknown,NPOC/TN,"NH4Cl 0,967ppm N","NH4Cl 0,967ppm N",Calib2_N,,C:\TOC-L\Methods\NPOC-TN_9ml_CB_150ulinj_220831.met,"C:\TOC-L\CalCurves\TN_0,2-5ppm_9ml_150ul_CB.2022_08_31_21_55_41.cal","1,00",2022-09-09 16:40,1,3,TN,"26,11","26,40","0,9290","0,9388",NPOC:0.8476 TN:0.9388,0.8476,0.9388,"0,3242","0,01095",6,0,150
Unknown,NPOC/TN,"EDTA 8,56ppmC","EDTA 8,56ppmC",Calib1_C,,C:\TOC-L\Methods\NPOC-TN_9ml_CB_150ulinj_220831.met,C:\TOC-L\CalCurves\NPOC_2-50ppm_9ml_150ul_CB.2022_08_31_20_26_13.cal,"1,00",2022-09-09 16:46,1,1,NPOC,"118,5","117,5","8,247","8,184",NPOC:8.184 TN:1.686,8.184,1.686,"1,054","0,06727",7,0,150
Unknown,NPOC/TN,"EDTA 8,56ppmC","EDTA 8,56ppmC",Calib1_C,,C:\TOC-L\Methods\NPOC-TN_9ml_CB_150ulinj_220831.met,C:\TOC-L\CalCurves\NPOC_2-50ppm_9ml_150ul_CB.2022_08_31_20_26_13.cal,"1,00",2022-09-09 16:50,1,2,NPOC,"117,6","117,5","8,190","8,184",NPOC:8.184 TN:1.686,8.184,1.686,"1,054","0,06727",7,0,150
Unknown,NPOC/TN,"EDTA 8,56ppmC","EDTA 8,56ppmC",Calib1_C,,C:\TOC-L\Methods\NPOC-TN_9ml_CB_150ulinj_220831.met,C:\TOC-L\CalCurves\NPOC_2-50ppm_9ml_150ul_CB.2022_08_31_20_26_13.cal,"1,00",2022-09-09 16:54,1,3,NPOC,"116,4","117,5","8,113","8,184",NPOC:8.184 TN:1.686,8.184,1.686,"1,054","0,06727",7,0,150
Unknown,NPOC/TN,"EDTA 8,56ppmC","EDTA 8,56ppmC",Calib1_C,,C:\TOC-L\Methods\NPOC-TN_9ml_CB_150ulinj_220831.met,"C:\TOC-L\CalCurves\TN_0,2-5ppm_9ml_150ul_CB.2022_08_31_21_55_41.cal","1,00",2022-09-09 16:46,1,1,TN,"48,94","48,52","1,700","1,686",NPOC:8.184 TN:1.686,8.184,1.686,"0,3819","0,01290",7,0,150
Unknown,NPOC/TN,"EDTA 8,56ppmC","EDTA 8,56ppmC",Calib1_C,,C:\TOC-L\Methods\NPOC-TN_9ml_CB_150ulinj_220831.met,"C:\TOC-L\CalCurves\TN_0,2-5ppm_9ml_150ul_CB.2022_08_31_21_55_41.cal","1,00",2022-09-09 16:50,1,2,TN,"48,44","48,52","1,683","1,686",NPOC:8.184 TN:1.686,8.184,1.686,"0,3819","0,01290",7,0,150
Unknown,NPOC/TN,"EDTA 8,56ppmC","EDTA 8,56ppmC",Calib1_C,,C:\TOC-L\Methods\NPOC-TN_9ml_CB_150ulinj_220831.met,"C:\TOC-L\CalCurves\TN_0,2-5ppm_9ml_150ul_CB.2022_08_31_21_55_41.cal","1,00",2022-09-09 16:54,1,3,TN,"48,19","48,52","1,675","1,686",NPOC:8.184 TN:1.686,8.184,1.686,"0,3819","0,01290",7,0,150
Unknown,NPOC/TN,"KHP9,90ppmC","KHP9,90ppmC",Calib2_C,,C:\TOC-L\Methods\NPOC-TN_9ml_CB_150ulinj_220831.met,C:\TOC-L\CalCurves\NPOC_2-50ppm_9ml_150ul_CB.2022_08_31_20_26_13.cal,"1,00",2022-09-09 17:00,1,1,NPOC,"145,1","143,7","9,946","9,856",NPOC:9.856 TN:0.08059,9.856,0.08059,"1,212","0,07741",8,0,150
Unknown,NPOC/TN,"KHP9,90ppmC","KHP9,90ppmC",Calib2_C,,C:\TOC-L\Methods\NPOC-TN_9ml_CB_150ulinj_220831.met,C:\TOC-L\CalCurves\NPOC_2-50ppm_9ml_150ul_CB.2022_08_31_20_26_13.cal,"1,00",2022-09-09 17:04,1,2,NPOC,"143,0","143,7","9,812","9,856",NPOC:9.856 TN:0.08059,9.856,0.08059,"1,212","0,07741",8,0,150
Unknown,NPOC/TN,"KHP9,90ppmC","KHP9,90ppmC",Calib2_C,,C:\TOC-L\Methods\NPOC-TN_9ml_CB_150ulinj_220831.met,C:\TOC-L\CalCurves\NPOC_2-50ppm_9ml_150ul_CB.2022_08_31_20_26_13.cal,"1,00",2022-09-09 17:08,1,3,NPOC,"143,0","143,7","9,812","9,856",NPOC:9.856 TN:0.08059,9.856,0.08059,"1,212","0,07741",8,0,150
Unknown,NPOC/TN,"KHP9,90ppmC","KHP9,90ppmC",Calib2_C,,C:\TOC-L\Methods\NPOC-TN_9ml_CB_150ulinj_220831.met,"C:\TOC-L\CalCurves\TN_0,2-5ppm_9ml_150ul_CB.2022_08_31_21_55_41.cal","1,00",2022-09-09 17:00,1,1,TN,"0,8190","0,9960","0,07461","0,08059",NPOC:9.856 TN:0.08059,9.856,0.08059,"0,1671","0,00565",8,0,150
Unknown,NPOC/TN,"KHP9,90ppmC","KHP9,90ppmC",Calib2_C,,C:\TOC-L\Methods\NPOC-TN_9ml_CB_150ulinj_220831.met,"C:\TOC-L\CalCurves\TN_0,2-5ppm_9ml_150ul_CB.2022_08_31_21_55_41.cal","1,00",2022-09-09 17:04,1,2,TN,"1,151","0,9960","0,08582","0,08059",NPOC:9.856 TN:0.08059,9.856,0.08059,"0,1671","0,00565",8,0,150
Unknown,NPOC/TN,"KHP9,90ppmC","KHP9,90ppmC",Calib2_C,,C:\TOC-L\Methods\NPOC-TN_9ml_CB_150ulinj_220831.met,"C:\TOC-L\CalCurves\TN_0,2-5ppm_9ml_150ul_CB.2022_08_31_21_55_41.cal","1,00",2022-09-09 17:08,1,3,TN,"1,018","0,9960","0,08133","0,08059",NPOC:9.856 TN:0.08059,9.856,0.08059,"0,1671","0,00565",8,0,150
Unknown,NPOC/TN,MQ,MQ,MQ,,C:\TOC-L\Methods\NPOC-TN_9ml_CB_150ulinj_220831.met,C:\TOC-L\CalCurves\NPOC_2-50ppm_9ml_150ul_CB.2022_08_31_20_26_13.cal,"1,00",2022-09-09 17:14,1,1,NPOC,"15,61","14,40","1,678","1,601",NPOC:1.601 TN:0.05905,1.601,0.05905,"0,3172","0,02025",9,1,150
Unknown,NPOC/TN,MQ,MQ,MQ,,C:\TOC-L\Methods\NPOC-TN_9ml_CB_150ulinj_220831.met,C:\TOC-L\CalCurves\NPOC_2-50ppm_9ml_150ul_CB.2022_08_31_20_26_13.cal,"1,00",2022-09-09 17:17,1,2,NPOC,"14,69","14,40","1,620","1,601",NPOC:1.601 TN:0.05905,1.601,0.05905,"0,3172","0,02025",9,0,150
Unknown,NPOC/TN,MQ,MQ,MQ,,C:\TOC-L\Methods\NPOC-TN_9ml_CB_150ulinj_220831.met,C:\TOC-L\CalCurves\NPOC_2-50ppm_9ml_150ul_CB.2022_08_31_20_26_13.cal,"1,00",2022-09-09 17:20,1,3,NPOC,"14,44","14,40","1,604","1,601",NPOC:1.601 TN:0.05905,1.601,0.05905,"0,3172","0,02025",9,0,150
Unknown,NPOC/TN,MQ,MQ,MQ,,C:\TOC-L\Methods\NPOC-TN_9ml_CB_150ulinj_220831.met,C:\TOC-L\CalCurves\NPOC_2-50ppm_9ml_150ul_CB.2022_08_31_20_26_13.cal,"1,00",2022-09-09 17:24,1,4,NPOC,"14,06","14,40","1,579","1,601",NPOC:1.601 TN:0.05905,1.601,0.05905,"0,3172","0,02025",9,0,150
Unknown,NPOC/TN,MQ,MQ,MQ,,C:\TOC-L\Methods\NPOC-TN_9ml_CB_150ulinj_220831.met,"C:\TOC-L\CalCurves\TN_0,2-5ppm_9ml_150ul_CB.2022_08_31_21_55_41.cal","1,00",2022-09-09 17:14,1,1,TN,"0,4048","0,3585","0,06061","0,05905",NPOC:1.601 TN:0.05905,1.601,0.05905,"0,07647","0,00258",9,0,150
Unknown,NPOC/TN,MQ,MQ,MQ,,C:\TOC-L\Methods\NPOC-TN_9ml_CB_150ulinj_220831.met,"C:\TOC-L\CalCurves\TN_0,2-5ppm_9ml_150ul_CB.2022_08_31_21_55_41.cal","1,00",2022-09-09 17:17,1,2,TN,"0,2702","0,3585","0,05606","0,05905",NPOC:1.601 TN:0.05905,1.601,0.05905,"0,07647","0,00258",9,0,150
Unknown,NPOC/TN,MQ,MQ,MQ,,C:\TOC-L\Methods\NPOC-TN_9ml_CB_150ulinj_220831.met,"C:\TOC-L\CalCurves\TN_0,2-5ppm_9ml_150ul_CB.2022_08_31_21_55_41.cal","1,00",2022-09-09 17:20,1,3,TN,"0,4004","0,3585","0,06046","0,05905",NPOC:1.601 TN:0.05905,1.601,0.05905,"0,07647","0,00258",9,0,150
Unknown,NPOC/TN,3,MI2_Con1,Con,C,C:\TOC-L\Methods\NPOC-TN_9ml_CB_150ulinj_220831.met,C:\TOC-L\CalCurves\NPOC_2-50ppm_9ml_150ul_CB.2022_08_31_20_26_13.cal,"1,00",2022-09-09 17:29,1,1,NPOC,"133,1","297,5","9,180","19,68",NPOC:19.68 TN:0.4583,19.68,0.4583,"0,6245","0,03987",10,1,150
Unknown,NPOC/TN,3,MI2_Con1,Con,C,C:\TOC-L\Methods\NPOC-TN_9ml_CB_150ulinj_220831.met,C:\TOC-L\CalCurves\NPOC_2-50ppm_9ml_150ul_CB.2022_08_31_20_26_13.cal,"1,00",2022-09-09 17:33,1,2,NPOC,"298,0","297,5","19,71","19,68",NPOC:19.68 TN:0.4583,19.68,0.4583,"0,6245","0,03987",10,0,150
Unknown,NPOC/TN,3,MI2_Con1,Con,C,C:\TOC-L\Methods\NPOC-TN_9ml_CB_150ulinj_220831.met,C:\TOC-L\CalCurves\NPOC_2-50ppm_9ml_150ul_CB.2022_08_31_20_26_13.cal,"1,00",2022-09-09 17:37,1,3,NPOC,"297,7","297,5","19,69","19,68",NPOC:19.68 TN:0.4583,19.68,0.4583,"0,6245","0,03987",10,0,150
Unknown,NPOC/TN,3,MI2_Con1,Con,C,C:\TOC-L\Methods\NPOC-TN_9ml_CB_150ulinj_220831.met,C:\TOC-L\CalCurves\NPOC_2-50ppm_9ml_150ul_CB.2022_08_31_20_26_13.cal,"1,00",2022-09-09 17:41,1,4,NPOC,"296,8","297,5","19,63","19,68",NPOC:19.68 TN:0.4583,19.68,0.4583,"0,6245","0,03987",10,0,150
Unknown,NPOC/TN,3,MI2_Con1,Con,C,C:\TOC-L\Methods\NPOC-TN_9ml_CB_150ulinj_220831.met,"C:\TOC-L\CalCurves\TN_0,2-5ppm_9ml_150ul_CB.2022_08_31_21_55_41.cal","1,00",2022-09-09 17:29,1,1,TN,"6,677","12,18","0,2725","0,4583",NPOC:19.68 TN:0.4583,19.68,0.4583,"4,762","0,1609",10,0,150
Unknown,NPOC/TN,3,MI2_Con1,Con,C,C:\TOC-L\Methods\NPOC-TN_9ml_CB_150ulinj_220831.met,"C:\TOC-L\CalCurves\TN_0,2-5ppm_9ml_150ul_CB.2022_08_31_21_55_41.cal","1,00",2022-09-09 17:33,1,2,TN,"14,96","12,18","0,5524","0,4583",NPOC:19.68 TN:0.4583,19.68,0.4583,"4,762","0,1609",10,0,150
Unknown,NPOC/TN,3,MI2_Con1,Con,C,C:\TOC-L\Methods\NPOC-TN_9ml_CB_150ulinj_220831.met,"C:\TOC-L\CalCurves\TN_0,2-5ppm_9ml_150ul_CB.2022_08_31_21_55_41.cal","1,00",2022-09-09 17:37,1,3,TN,"14,89","12,18","0,5500","0,4583",NPOC:19.68 TN:0.4583,19.68,0.4583,"4,762","0,1609",10,0,150
Unknown,NPOC/TN,2,MI2_Con2,Con,D,C:\TOC-L\Methods\NPOC-TN_9ml_CB_150ulinj_220831.met,C:\TOC-L\CalCurves\NPOC_2-50ppm_9ml_150ul_CB.2022_08_31_20_26_13.cal,"1,00",2022-09-09 17:46,1,1,NPOC,"0,9941","834,7","0,7451","53,98",NPOC:53.98 TN:0.4034,53.98,0.4034,"2,272","0,1451",11,1,150
Unknown,NPOC/TN,2,MI2_Con2,Con,D,C:\TOC-L\Methods\NPOC-TN_9ml_CB_150ulinj_220831.met,C:\TOC-L\CalCurves\NPOC_2-50ppm_9ml_150ul_CB.2022_08_31_20_26_13.cal,"1,00",2022-09-09 17:50,1,2,NPOC,"835,1","834,7","54,00","53,98",NPOC:53.98 TN:0.4034,53.98,0.4034,"2,272","0,1451",11,0,150
Unknown,NPOC/TN,2,MI2_Con2,Con,D,C:\TOC-L\Methods\NPOC-TN_9ml_CB_150ulinj_220831.met,C:\TOC-L\CalCurves\NPOC_2-50ppm_9ml_150ul_CB.2022_08_31_20_26_13.cal,"1,00",2022-09-09 17:54,1,3,NPOC,"836,8","834,7","54,11","53,98",NPOC:53.98 TN:0.4034,53.98,0.4034,"2,272","0,1451",11,0,150
Unknown,NPOC/TN,2,MI2_Con2,Con,D,C:\TOC-L\Methods\NPOC-TN_9ml_CB_150ulinj_220831.met,C:\TOC-L\CalCurves\NPOC_2-50ppm_9ml_150ul_CB.2022_08_31_20_26_13.cal,"1,00",2022-09-09 17:58,1,4,NPOC,"832,3","834,7","53,82","53,98",NPOC:53.98 TN:0.4034,53.98,0.4034,"2,272","0,1451",11,0,150
Unknown,NPOC/TN,2,MI2_Con2,Con,D,C:\TOC-L\Methods\NPOC-TN_9ml_CB_150ulinj_220831.met,"C:\TOC-L\CalCurves\TN_0,2-5ppm_9ml_150ul_CB.2022_08_31_21_55_41.cal","1,00",2022-09-09 17:46,1,1,TN,"0,000","10,55","0,04694","0,4034",NPOC:53.98 TN:0.4034,53.98,0.4034,"9,141","0,3088",11,0,150
Unknown,NPOC/TN,2,MI2_Con2,Con,D,C:\TOC-L\Methods\NPOC-TN_9ml_CB_150ulinj_220831.met,"C:\TOC-L\CalCurves\TN_0,2-5ppm_9ml_150ul_CB.2022_08_31_21_55_41.cal","1,00",2022-09-09 17:50,1,2,TN,"15,54","10,55","0,5719","0,4034",NPOC:53.98 TN:0.4034,53.98,0.4034,"9,141","0,3088",11,0,150
Unknown,NPOC/TN,2,MI2_Con2,Con,D,C:\TOC-L\Methods\NPOC-TN_9ml_CB_150ulinj_220831.met,"C:\TOC-L\CalCurves\TN_0,2-5ppm_9ml_150ul_CB.2022_08_31_21_55_41.cal","1,00",2022-09-09 17:54,1,3,TN,"16,11","10,55","0,5912","0,4034",NPOC:53.98 TN:0.4034,53.98,0.4034,"9,141","0,3088",11,0,150
Unknown,NPOC/TN,1,MI2_Con3,Con,E,C:\TOC-L\Methods\NPOC-TN_9ml_CB_150ulinj_220831.met,C:\TOC-L\CalCurves\NPOC_2-50ppm_9ml_150ul_CB.2022_08_31_20_26_13.cal,"1,00",2022-09-09 18:03,1,1,NPOC,"133,4","301,8","9,199","19,95",NPOC:19.95 TN:0.4467,19.95,0.4467,"0,4163","0,02658",12,1,150
Unknown,NPOC/TN,1,MI2_Con3,Con,E,C:\TOC-L\Methods\NPOC-TN_9ml_CB_150ulinj_220831.met,C:\TOC-L\CalCurves\NPOC_2-50ppm_9ml_150ul_CB.2022_08_31_20_26_13.cal,"1,00",2022-09-09 18:07,1,2,NPOC,"302,3","301,8","19,98","19,95",NPOC:19.95 TN:0.4467,19.95,0.4467,"0,4163","0,02658",12,0,150
Unknown,NPOC/TN,1,MI2_Con3,Con,E,C:\TOC-L\Methods\NPOC-TN_9ml_CB_150ulinj_220831.met,C:\TOC-L\CalCurves\NPOC_2-50ppm_9ml_150ul_CB.2022_08_31_20_26_13.cal,"1,00",2022-09-09 18:11,1,3,NPOC,"301,5","301,8","19,93","19,95",NPOC:19.95 TN:0.4467,19.95,0.4467,"0,4163","0,02658",12,0,150
Unknown,NPOC/TN,1,MI2_Con3,Con,E,C:\TOC-L\Methods\NPOC-TN_9ml_CB_150ulinj_220831.met,C:\TOC-L\CalCurves\NPOC_2-50ppm_9ml_150ul_CB.2022_08_31_20_26_13.cal,"1,00",2022-09-09 18:15,1,4,NPOC,"301,7","301,8","19,94","19,95",NPOC:19.95 TN:0.4467,19.95,0.4467,"0,4163","0,02658",12,0,150
Unknown,NPOC/TN,1,MI2_Con3,Con,E,C:\TOC-L\Methods\NPOC-TN_9ml_CB_150ulinj_220831.met,"C:\TOC-L\CalCurves\TN_0,2-5ppm_9ml_150ul_CB.2022_08_31_21_55_41.cal","1,00",2022-09-09 18:03,1,1,TN,"6,089","11,83","0,2527","0,4467",NPOC:19.95 TN:0.4467,19.95,0.4467,"4,978","0,1682",12,0,150
Unknown,NPOC/TN,1,MI2_Con3,Con,E,C:\TOC-L\Methods\NPOC-TN_9ml_CB_150ulinj_220831.met,"C:\TOC-L\CalCurves\TN_0,2-5ppm_9ml_150ul_CB.2022_08_31_21_55_41.cal","1,00",2022-09-09 18:07,1,2,TN,"14,52","11,83","0,5375","0,4467",NPOC:19.95 TN:0.4467,19.95,0.4467,"4,978","0,1682",12,0,150
Unknown,NPOC/TN,1,MI2_Con3,Con,E,C:\TOC-L\Methods\NPOC-TN_9ml_CB_150ulinj_220831.met,"C:\TOC-L\CalCurves\TN_0,2-5ppm_9ml_150ul_CB.2022_08_31_21_55_41.cal","1,00",2022-09-09 18:11,1,3,TN,"14,89","11,83","0,5500","0,4467",NPOC:19.95 TN:0.4467,19.95,0.4467,"4,978","0,1682",12,0,150
Unknown,NPOC/TN,73,MI2_Con4,Con,D,C:\TOC-L\Methods\NPOC-TN_9ml_CB_150ulinj_220831.met,C:\TOC-L\CalCurves\NPOC_2-50ppm_9ml_150ul_CB.2022_08_31_20_26_13.cal,"1,00",2022-09-09 18:20,1,1,NPOC,"0,6969","260,8","0,7261","17,33",NPOC:17.33 TN:0.4129,17.33,0.4129,"0,3512","0,02242",13,1,150
Unknown,NPOC/TN,73,MI2_Con4,Con,D,C:\TOC-L\Methods\NPOC-TN_9ml_CB_150ulinj_220831.met,C:\TOC-L\CalCurves\NPOC_2-50ppm_9ml_150ul_CB.2022_08_31_20_26_13.cal,"1,00",2022-09-09 18:24,1,2,NPOC,"260,8","260,8","17,33","17,33",NPOC:17.33 TN:0.4129,17.33,0.4129,"0,3512","0,02242",13,0,150
Unknown,NPOC/TN,73,MI2_Con4,Con,D,C:\TOC-L\Methods\NPOC-TN_9ml_CB_150ulinj_220831.met,C:\TOC-L\CalCurves\NPOC_2-50ppm_9ml_150ul_CB.2022_08_31_20_26_13.cal,"1,00",2022-09-09 18:28,1,3,NPOC,"260,5","260,8","17,31","17,33",NPOC:17.33 TN:0.4129,17.33,0.4129,"0,3512","0,02242",13,0,150
Unknown,NPOC/TN,73,MI2_Con4,Con,D,C:\TOC-L\Methods\NPOC-TN_9ml_CB_150ulinj_220831.met,C:\TOC-L\CalCurves\NPOC_2-50ppm_9ml_150ul_CB.2022_08_31_20_26_13.cal,"1,00",2022-09-09 18:32,1,4,NPOC,"261,2","260,8","17,36","17,33",NPOC:17.33 TN:0.4129,17.33,0.4129,"0,3512","0,02242",13,0,150
Unknown,NPOC/TN,73,MI2_Con4,Con,D,C:\TOC-L\Methods\NPOC-TN_9ml_CB_150ulinj_220831.met,"C:\TOC-L\CalCurves\TN_0,2-5ppm_9ml_150ul_CB.2022_08_31_21_55_41.cal","1,00",2022-09-09 18:20,1,1,TN,"0,000","10,83","0,04694","0,4129",NPOC:17.33 TN:0.4129,17.33,0.4129,"9,383","0,3170",13,0,150
Unknown,NPOC/TN,73,MI2_Con4,Con,D,C:\TOC-L\Methods\NPOC-TN_9ml_CB_150ulinj_220831.met,"C:\TOC-L\CalCurves\TN_0,2-5ppm_9ml_150ul_CB.2022_08_31_21_55_41.cal","1,00",2022-09-09 18:24,1,2,TN,"16,36","10,83","0,5997","0,4129",NPOC:17.33 TN:0.4129,17.33,0.4129,"9,383","0,3170",13,0,150
Unknown,NPOC/TN,73,MI2_Con4,Con,D,C:\TOC-L\Methods\NPOC-TN_9ml_CB_150ulinj_220831.met,"C:\TOC-L\CalCurves\TN_0,2-5ppm_9ml_150ul_CB.2022_08_31_21_55_41.cal","1,00",2022-09-09 18:28,1,3,TN,"16,14","10,83","0,5922","0,4129",NPOC:17.33 TN:0.4129,17.33,0.4129,"9,383","0,3170",13,0,150
Unknown,NPOC/TN,74,MI2_Con5,Con,E,C:\TOC-L\Methods\NPOC-TN_9ml_CB_150ulinj_220831.met,C:\TOC-L\CalCurves\NPOC_2-50ppm_9ml_150ul_CB.2022_08_31_20_26_13.cal,"1,00",2022-09-09 18:37,1,1,NPOC,"0,5217","274,3","0,7149","18,19",NPOC:18.19 TN:0.5667,18.19,0.5667,"1,513","0,09662",14,1,150
Unknown,NPOC/TN,74,MI2_Con5,Con,E,C:\TOC-L\Methods\NPOC-TN_9ml_CB_150ulinj_220831.met,C:\TOC-L\CalCurves\NPOC_2-50ppm_9ml_150ul_CB.2022_08_31_20_26_13.cal,"1,00",2022-09-09 18:41,1,2,NPOC,"275,5","274,3","18,27","18,19",NPOC:18.19 TN:0.5667,18.19,0.5667,"1,513","0,09662",14,0,150
Unknown,NPOC/TN,74,MI2_Con5,Con,E,C:\TOC-L\Methods\NPOC-TN_9ml_CB_150ulinj_220831.met,C:\TOC-L\CalCurves\NPOC_2-50ppm_9ml_150ul_CB.2022_08_31_20_26_13.cal,"1,00",2022-09-09 18:45,1,3,NPOC,"274,8","274,3","18,23","18,19",NPOC:18.19 TN:0.5667,18.19,0.5667,"1,513","0,09662",14,0,150
Unknown,NPOC/TN,74,MI2_Con5,Con,E,C:\TOC-L\Methods\NPOC-TN_9ml_CB_150ulinj_220831.met,C:\TOC-L\CalCurves\NPOC_2-50ppm_9ml_150ul_CB.2022_08_31_20_26_13.cal,"1,00",2022-09-09 18:49,1,4,NPOC,"272,6","274,3","18,09","18,19",NPOC:18.19 TN:0.5667,18.19,0.5667,"1,513","0,09662",14,0,150
Unknown,NPOC/TN,74,MI2_Con5,Con,E,C:\TOC-L\Methods\NPOC-TN_9ml_CB_150ulinj_220831.met,"C:\TOC-L\CalCurves\TN_0,2-5ppm_9ml_150ul_CB.2022_08_31_21_55_41.cal","1,00",2022-09-09 18:37,1,1,TN,"0,000","15,38","0,04694","0,5667",NPOC:18.19 TN:0.5667,18.19,0.5667,"0,1677","0,00567",14,1,150
Unknown,NPOC/TN,74,MI2_Con5,Con,E,C:\TOC-L\Methods\NPOC-TN_9ml_CB_150ulinj_220831.met,"C:\TOC-L\CalCurves\TN_0,2-5ppm_9ml_150ul_CB.2022_08_31_21_55_41.cal","1,00",2022-09-09 18:41,1,2,TN,"15,47","15,38","0,5696","0,5667",NPOC:18.19 TN:0.5667,18.19,0.5667,"0,1677","0,00567",14,0,150
Unknown,NPOC/TN,74,MI2_Con5,Con,E,C:\TOC-L\Methods\NPOC-TN_9ml_CB_150ulinj_220831.met,"C:\TOC-L\CalCurves\TN_0,2-5ppm_9ml_150ul_CB.2022_08_31_21_55_41.cal","1,00",2022-09-09 18:45,1,3,TN,"15,19","15,38","0,5601","0,5667",NPOC:18.19 TN:0.5667,18.19,0.5667,"0,1677","0,00567",14,0,150
Unknown,NPOC/TN,74,MI2_Con5,Con,E,C:\TOC-L\Methods\NPOC-TN_9ml_CB_150ulinj_220831.met,"C:\TOC-L\CalCurves\TN_0,2-5ppm_9ml_150ul_CB.2022_08_31_21_55_41.cal","1,00",2022-09-09 18:49,1,4,TN,"15,49","15,38","0,5703","0,5667",NPOC:18.19 TN:0.5667,18.19,0.5667,"0,1677","0,00567",14,0,150
Unknown,NPOC/TN,75,MI2_Con6,Con,C,C:\TOC-L\Methods\NPOC-TN_9ml_CB_150ulinj_220831.met,C:\TOC-L\CalCurves\NPOC_2-50ppm_9ml_150ul_CB.2022_08_31_20_26_13.cal,"1,00",2022-09-09 18:55,1,1,NPOC,"175,1","177,3","11,86","12,00",NPOC:12.00 TN:0.5512,12,0.5512,"1,877","0,1198",15,0,150
Unknown,NPOC/TN,75,MI2_Con6,Con,C,C:\TOC-L\Methods\NPOC-TN_9ml_CB_150ulinj_220831.met,C:\TOC-L\CalCurves\NPOC_2-50ppm_9ml_150ul_CB.2022_08_31_20_26_13.cal,"1,00",2022-09-09 18:59,1,2,NPOC,"178,3","177,3","12,07","12,00",NPOC:12.00 TN:0.5512,12,0.5512,"1,877","0,1198",15,0,150
Unknown,NPOC/TN,75,MI2_Con6,Con,C,C:\TOC-L\Methods\NPOC-TN_9ml_CB_150ulinj_220831.met,C:\TOC-L\CalCurves\NPOC_2-50ppm_9ml_150ul_CB.2022_08_31_20_26_13.cal,"1,00",2022-09-09 19:03,1,3,NPOC,"178,4","177,3","12,07","12,00",NPOC:12.00 TN:0.5512,12,0.5512,"1,877","0,1198",15,0,150
Unknown,NPOC/TN,75,MI2_Con6,Con,C,C:\TOC-L\Methods\NPOC-TN_9ml_CB_150ulinj_220831.met,"C:\TOC-L\CalCurves\TN_0,2-5ppm_9ml_150ul_CB.2022_08_31_21_55_41.cal","1,00",2022-09-09 18:55,1,1,TN,"14,59","14,93","0,5399","0,5512",NPOC:12.00 TN:0.5512,12,0.5512,"0,3453","0,01167",15,0,150
Unknown,NPOC/TN,75,MI2_Con6,Con,C,C:\TOC-L\Methods\NPOC-TN_9ml_CB_150ulinj_220831.met,"C:\TOC-L\CalCurves\TN_0,2-5ppm_9ml_150ul_CB.2022_08_31_21_55_41.cal","1,00",2022-09-09 18:59,1,2,TN,"14,91","14,93","0,5507","0,5512",NPOC:12.00 TN:0.5512,12,0.5512,"0,3453","0,01167",15,0,150
Unknown,NPOC/TN,75,MI2_Con6,Con,C,C:\TOC-L\Methods\NPOC-TN_9ml_CB_150ulinj_220831.met,"C:\TOC-L\CalCurves\TN_0,2-5ppm_9ml_150ul_CB.2022_08_31_21_55_41.cal","1,00",2022-09-09 19:03,1,3,TN,"15,28","14,93","0,5632","0,5512",NPOC:12.00 TN:0.5512,12,0.5512,"0,3453","0,01167",15,0,150
Unknown,NPOC/TN,69,MI2_Con7,Con,E,C:\TOC-L\Methods\NPOC-TN_9ml_CB_150ulinj_220831.met,C:\TOC-L\CalCurves\NPOC_2-50ppm_9ml_150ul_CB.2022_08_31_20_26_13.cal,"1,00",2022-09-09 19:09,1,1,NPOC,"545,1","543,5","35,48","35,38",NPOC:35.38 TN:0.5548,35.38,0.5548,"1,656","0,1057",16,0,150
Unknown,NPOC/TN,69,MI2_Con7,Con,E,C:\TOC-L\Methods\NPOC-TN_9ml_CB_150ulinj_220831.met,C:\TOC-L\CalCurves\NPOC_2-50ppm_9ml_150ul_CB.2022_08_31_20_26_13.cal,"1,00",2022-09-09 19:13,1,2,NPOC,"543,7","543,5","35,39","35,38",NPOC:35.38 TN:0.5548,35.38,0.5548,"1,656","0,1057",16,0,150
Unknown,NPOC/TN,69,MI2_Con7,Con,E,C:\TOC-L\Methods\NPOC-TN_9ml_CB_150ulinj_220831.met,C:\TOC-L\CalCurves\NPOC_2-50ppm_9ml_150ul_CB.2022_08_31_20_26_13.cal,"1,00",2022-09-09 19:16,1,3,NPOC,"541,8","543,5","35,27","35,38",NPOC:35.38 TN:0.5548,35.38,0.5548,"1,656","0,1057",16,0,150
Unknown,NPOC/TN,69,MI2_Con7,Con,E,C:\TOC-L\Methods\NPOC-TN_9ml_CB_150ulinj_220831.met,"C:\TOC-L\CalCurves\TN_0,2-5ppm_9ml_150ul_CB.2022_08_31_21_55_41.cal","1,00",2022-09-09 19:09,1,1,TN,"14,99","15,03","0,5534","0,5548",NPOC:35.38 TN:0.5548,35.38,0.5548,"0,1115","0,00377",16,0,150
Unknown,NPOC/TN,69,MI2_Con7,Con,E,C:\TOC-L\Methods\NPOC-TN_9ml_CB_150ulinj_220831.met,"C:\TOC-L\CalCurves\TN_0,2-5ppm_9ml_150ul_CB.2022_08_31_21_55_41.cal","1,00",2022-09-09 19:13,1,2,TN,"14,95","15,03","0,5520","0,5548",NPOC:35.38 TN:0.5548,35.38,0.5548,"0,1115","0,00377",16,0,150
Unknown,NPOC/TN,69,MI2_Con7,Con,E,C:\TOC-L\Methods\NPOC-TN_9ml_CB_150ulinj_220831.met,"C:\TOC-L\CalCurves\TN_0,2-5ppm_9ml_150ul_CB.2022_08_31_21_55_41.cal","1,00",2022-09-09 19:16,1,3,TN,"15,16","15,03","0,5591","0,5548",NPOC:35.38 TN:0.5548,35.38,0.5548,"0,1115","0,00377",16,0,150
Unknown,NPOC/TN,70,MI2_Con8,Con,C,C:\TOC-L\Methods\NPOC-TN_9ml_CB_150ulinj_220831.met,C:\TOC-L\CalCurves\NPOC_2-50ppm_9ml_150ul_CB.2022_08_31_20_26_13.cal,"1,00",2022-09-09 19:23,1,1,NPOC,"770,1","768,1","49,85","49,72",NPOC:49.72 TN:0.5553,49.72,0.5553,"2,291","0,1463",17,0,150
Unknown,NPOC/TN,70,MI2_Con8,Con,C,C:\TOC-L\Methods\NPOC-TN_9ml_CB_150ulinj_220831.met,C:\TOC-L\CalCurves\NPOC_2-50ppm_9ml_150ul_CB.2022_08_31_20_26_13.cal,"1,00",2022-09-09 19:26,1,2,NPOC,"768,6","768,1","49,75","49,72",NPOC:49.72 TN:0.5553,49.72,0.5553,"2,291","0,1463",17,0,150
Unknown,NPOC/TN,70,MI2_Con8,Con,C,C:\TOC-L\Methods\NPOC-TN_9ml_CB_150ulinj_220831.met,C:\TOC-L\CalCurves\NPOC_2-50ppm_9ml_150ul_CB.2022_08_31_20_26_13.cal,"1,00",2022-09-09 19:30,1,3,NPOC,"765,6","768,1","49,56","49,72",NPOC:49.72 TN:0.5553,49.72,0.5553,"2,291","0,1463",17,0,150
Unknown,NPOC/TN,70,MI2_Con8,Con,C,C:\TOC-L\Methods\NPOC-TN_9ml_CB_150ulinj_220831.met,"C:\TOC-L\CalCurves\TN_0,2-5ppm_9ml_150ul_CB.2022_08_31_21_55_41.cal","1,00",2022-09-09 19:23,1,1,TN,"14,98","15,05","0,5530","0,5553",NPOC:49.72 TN:0.5553,49.72,0.5553,"0,1242","0,00420",17,0,150
Unknown,NPOC/TN,70,MI2_Con8,Con,C,C:\TOC-L\Methods\NPOC-TN_9ml_CB_150ulinj_220831.met,"C:\TOC-L\CalCurves\TN_0,2-5ppm_9ml_150ul_CB.2022_08_31_21_55_41.cal","1,00",2022-09-09 19:26,1,2,TN,"15,19","15,05","0,5601","0,5553",NPOC:49.72 TN:0.5553,49.72,0.5553,"0,1242","0,00420",17,0,150
Unknown,NPOC/TN,70,MI2_Con8,Con,C,C:\TOC-L\Methods\NPOC-TN_9ml_CB_150ulinj_220831.met,"C:\TOC-L\CalCurves\TN_0,2-5ppm_9ml_150ul_CB.2022_08_31_21_55_41.cal","1,00",2022-09-09 19:30,1,3,TN,"14,97","15,05","0,5527","0,5553",NPOC:49.72 TN:0.5553,49.72,0.5553,"0,1242","0,00420",17,0,150
Unknown,NPOC/TN,71,MI2_Con9,Con,D,C:\TOC-L\Methods\NPOC-TN_9ml_CB_150ulinj_220831.met,C:\TOC-L\CalCurves\NPOC_2-50ppm_9ml_150ul_CB.2022_08_31_20_26_13.cal,"1,00",2022-09-09 19:36,1,1,NPOC,"506,8","513,1","33,04","33,44",NPOC:33.44 TN:0.5732,33.44,0.5732,"5,501","0,3512",18,0,150
Unknown,NPOC/TN,71,MI2_Con9,Con,D,C:\TOC-L\Methods\NPOC-TN_9ml_CB_150ulinj_220831.met,C:\TOC-L\CalCurves\NPOC_2-50ppm_9ml_150ul_CB.2022_08_31_20_26_13.cal,"1,00",2022-09-09 19:40,1,2,NPOC,"517,1","513,1","33,70","33,44",NPOC:33.44 TN:0.5732,33.44,0.5732,"5,501","0,3512",18,0,150
Unknown,NPOC/TN,71,MI2_Con9,Con,D,C:\TOC-L\Methods\NPOC-TN_9ml_CB_150ulinj_220831.met,C:\TOC-L\CalCurves\NPOC_2-50ppm_9ml_150ul_CB.2022_08_31_20_26_13.cal,"1,00",2022-09-09 19:44,1,3,NPOC,"515,3","513,1","33,58","33,44",NPOC:33.44 TN:0.5732,33.44,0.5732,"5,501","0,3512",18,0,150
Unknown,NPOC/TN,71,MI2_Con9,Con,D,C:\TOC-L\Methods\NPOC-TN_9ml_CB_150ulinj_220831.met,"C:\TOC-L\CalCurves\TN_0,2-5ppm_9ml_150ul_CB.2022_08_31_21_55_41.cal","1,00",2022-09-09 19:36,1,1,TN,"15,35","15,58","0,5655","0,5732",NPOC:33.44 TN:0.5732,33.44,0.5732,"0,2470","0,00835",18,0,150
Unknown,NPOC/TN,71,MI2_Con9,Con,D,C:\TOC-L\Methods\NPOC-TN_9ml_CB_150ulinj_220831.met,"C:\TOC-L\CalCurves\TN_0,2-5ppm_9ml_150ul_CB.2022_08_31_21_55_41.cal","1,00",2022-09-09 19:40,1,2,TN,"15,84","15,58","0,5821","0,5732",NPOC:33.44 TN:0.5732,33.44,0.5732,"0,2470","0,00835",18,0,150
Unknown,NPOC/TN,71,MI2_Con9,Con,D,C:\TOC-L\Methods\NPOC-TN_9ml_CB_150ulinj_220831.met,"C:\TOC-L\CalCurves\TN_0,2-5ppm_9ml_150ul_CB.2022_08_31_21_55_41.cal","1,00",2022-09-09 19:44,1,3,TN,"15,54","15,58","0,5719","0,5732",NPOC:33.44 TN:0.5732,33.44,0.5732,"0,2470","0,00835",18,0,150
Unknown,NPOC/TN,72MQ,MQ,MQ,,C:\TOC-L\Methods\NPOC-TN_9ml_CB_150ulinj_220831.met,C:\TOC-L\CalCurves\NPOC_2-50ppm_9ml_150ul_CB.2022_08_31_20_26_13.cal,"1,00",2022-09-09 19:49,1,1,NPOC,"21,33","18,11","2,043","1,838",NPOC:1.838 TN:0.05781,1.838,0.05781,"0,6955","0,04440",19,1,150
Unknown,NPOC/TN,72MQ,MQ,MQ,,C:\TOC-L\Methods\NPOC-TN_9ml_CB_150ulinj_220831.met,C:\TOC-L\CalCurves\NPOC_2-50ppm_9ml_150ul_CB.2022_08_31_20_26_13.cal,"1,00",2022-09-09 19:53,1,2,NPOC,"18,90","18,11","1,888","1,838",NPOC:1.838 TN:0.05781,1.838,0.05781,"0,6955","0,04440",19,0,150
Unknown,NPOC/TN,72MQ,MQ,MQ,,C:\TOC-L\Methods\NPOC-TN_9ml_CB_150ulinj_220831.met,C:\TOC-L\CalCurves\NPOC_2-50ppm_9ml_150ul_CB.2022_08_31_20_26_13.cal,"1,00",2022-09-09 19:56,1,3,NPOC,"17,59","18,11","1,805","1,838",NPOC:1.838 TN:0.05781,1.838,0.05781,"0,6955","0,04440",19,0,150
Unknown,NPOC/TN,72MQ,MQ,MQ,,C:\TOC-L\Methods\NPOC-TN_9ml_CB_150ulinj_220831.met,C:\TOC-L\CalCurves\NPOC_2-50ppm_9ml_150ul_CB.2022_08_31_20_26_13.cal,"1,00",2022-09-09 19:59,1,4,NPOC,"17,84","18,11","1,821","1,838",NPOC:1.838 TN:0.05781,1.838,0.05781,"0,6955","0,04440",19,0,150
Unknown,NPOC/TN,72MQ,MQ,MQ,,C:\TOC-L\Methods\NPOC-TN_9ml_CB_150ulinj_220831.met,"C:\TOC-L\CalCurves\TN_0,2-5ppm_9ml_150ul_CB.2022_08_31_21_55_41.cal","1,00",2022-09-09 19:49,1,1,TN,"0,4869","0,3218","0,06339","0,05781",NPOC:1.838 TN:0.05781,1.838,0.05781,"0,2787","0,00942",19,0,150
Unknown,NPOC/TN,72MQ,MQ,MQ,,C:\TOC-L\Methods\NPOC-TN_9ml_CB_150ulinj_220831.met,"C:\TOC-L\CalCurves\TN_0,2-5ppm_9ml_150ul_CB.2022_08_31_21_55_41.cal","1,00",2022-09-09 19:53,1,2,TN,"0,000","0,3218","0,04694","0,05781",NPOC:1.838 TN:0.05781,1.838,0.05781,"0,2787","0,00942",19,0,150
Unknown,NPOC/TN,72MQ,MQ,MQ,,C:\TOC-L\Methods\NPOC-TN_9ml_CB_150ulinj_220831.met,"C:\TOC-L\CalCurves\TN_0,2-5ppm_9ml_150ul_CB.2022_08_31_21_55_41.cal","1,00",2022-09-09 19:56,1,3,TN,"0,4785","0,3218","0,06310","0,05781",NPOC:1.838 TN:0.05781,1.838,0.05781,"0,2787","0,00942",19,0,150
Unknown,NPOC/TN,65,MI2_Di1,Di,C,C:\TOC-L\Methods\NPOC-TN_9ml_CB_150ulinj_220831.met,C:\TOC-L\CalCurves\NPOC_2-50ppm_9ml_150ul_CB.2022_08_31_20_26_13.cal,"1,00",2022-09-09 20:05,1,1,NPOC,"131,3","133,2","9,065","9,186",NPOC:9.186 TN:0.4150,9.186,0.415,"1,682","0,1074",20,0,150
Unknown,NPOC/TN,65,MI2_Di1,Di,C,C:\TOC-L\Methods\NPOC-TN_9ml_CB_150ulinj_220831.met,C:\TOC-L\CalCurves\NPOC_2-50ppm_9ml_150ul_CB.2022_08_31_20_26_13.cal,"1,00",2022-09-09 20:09,1,2,NPOC,"133,8","133,2","9,224","9,186",NPOC:9.186 TN:0.4150,9.186,0.415,"1,682","0,1074",20,0,150
Unknown,NPOC/TN,65,MI2_Di1,Di,C,C:\TOC-L\Methods\NPOC-TN_9ml_CB_150ulinj_220831.met,C:\TOC-L\CalCurves\NPOC_2-50ppm_9ml_150ul_CB.2022_08_31_20_26_13.cal,"1,00",2022-09-09 20:13,1,3,NPOC,"134,5","133,2","9,269","9,186",NPOC:9.186 TN:0.4150,9.186,0.415,"1,682","0,1074",20,0,150
Unknown,NPOC/TN,65,MI2_Di1,Di,C,C:\TOC-L\Methods\NPOC-TN_9ml_CB_150ulinj_220831.met,"C:\TOC-L\CalCurves\TN_0,2-5ppm_9ml_150ul_CB.2022_08_31_21_55_41.cal","1,00",2022-09-09 20:05,1,1,TN,"10,56","10,89","0,4037","0,4150",NPOC:9.186 TN:0.4150,9.186,0.415,"0,3089","0,01044",20,0,150
Unknown,NPOC/TN,65,MI2_Di1,Di,C,C:\TOC-L\Methods\NPOC-TN_9ml_CB_150ulinj_220831.met,"C:\TOC-L\CalCurves\TN_0,2-5ppm_9ml_150ul_CB.2022_08_31_21_55_41.cal","1,00",2022-09-09 20:09,1,2,TN,"11,17","10,89","0,4243","0,4150",NPOC:9.186 TN:0.4150,9.186,0.415,"0,3089","0,01044",20,0,150
Unknown,NPOC/TN,65,MI2_Di1,Di,C,C:\TOC-L\Methods\NPOC-TN_9ml_CB_150ulinj_220831.met,"C:\TOC-L\CalCurves\TN_0,2-5ppm_9ml_150ul_CB.2022_08_31_21_55_41.cal","1,00",2022-09-09 20:13,1,3,TN,"10,95","10,89","0,4169","0,4150",NPOC:9.186 TN:0.4150,9.186,0.415,"0,3089","0,01044",20,0,150
Unknown,NPOC/TN,66,MI2_Di2,Di,D,C:\TOC-L\Methods\NPOC-TN_9ml_CB_150ulinj_220831.met,C:\TOC-L\CalCurves\NPOC_2-50ppm_9ml_150ul_CB.2022_08_31_20_26_13.cal,"1,00",2022-09-09 20:19,1,1,NPOC,"112,0","152,7","7,832","10,43",NPOC:10.43 TN:0.4190,10.43,0.419,"0,5292","0,03378",21,1,150
Unknown,NPOC/TN,66,MI2_Di2,Di,D,C:\TOC-L\Methods\NPOC-TN_9ml_CB_150ulinj_220831.met,C:\TOC-L\CalCurves\NPOC_2-50ppm_9ml_150ul_CB.2022_08_31_20_26_13.cal,"1,00",2022-09-09 20:23,1,2,NPOC,"152,9","152,7","10,44","10,43",NPOC:10.43 TN:0.4190,10.43,0.419,"0,5292","0,03378",21,0,150
Unknown,NPOC/TN,66,MI2_Di2,Di,D,C:\TOC-L\Methods\NPOC-TN_9ml_CB_150ulinj_220831.met,C:\TOC-L\CalCurves\NPOC_2-50ppm_9ml_150ul_CB.2022_08_31_20_26_13.cal,"1,00",2022-09-09 20:26,1,3,NPOC,"152,1","152,7","10,39","10,43",NPOC:10.43 TN:0.4190,10.43,0.419,"0,5292","0,03378",21,0,150
Unknown,NPOC/TN,66,MI2_Di2,Di,D,C:\TOC-L\Methods\NPOC-TN_9ml_CB_150ulinj_220831.met,C:\TOC-L\CalCurves\NPOC_2-50ppm_9ml_150ul_CB.2022_08_31_20_26_13.cal,"1,00",2022-09-09 20:30,1,4,NPOC,"153,1","152,7","10,46","10,43",NPOC:10.43 TN:0.4190,10.43,0.419,"0,5292","0,03378",21,0,150
Unknown,NPOC/TN,66,MI2_Di2,Di,D,C:\TOC-L\Methods\NPOC-TN_9ml_CB_150ulinj_220831.met,"C:\TOC-L\CalCurves\TN_0,2-5ppm_9ml_150ul_CB.2022_08_31_21_55_41.cal","1,00",2022-09-09 20:19,1,1,TN,"8,738","11,01","0,3421","0,4190",NPOC:10.43 TN:0.4190,10.43,0.419,"1,974","0,06670",21,0,150
Unknown,NPOC/TN,66,MI2_Di2,Di,D,C:\TOC-L\Methods\NPOC-TN_9ml_CB_150ulinj_220831.met,"C:\TOC-L\CalCurves\TN_0,2-5ppm_9ml_150ul_CB.2022_08_31_21_55_41.cal","1,00",2022-09-09 20:23,1,2,TN,"12,28","11,01","0,4618","0,4190",NPOC:10.43 TN:0.4190,10.43,0.419,"1,974","0,06670",21,0,150
Unknown,NPOC/TN,66,MI2_Di2,Di,D,C:\TOC-L\Methods\NPOC-TN_9ml_CB_150ulinj_220831.met,"C:\TOC-L\CalCurves\TN_0,2-5ppm_9ml_150ul_CB.2022_08_31_21_55_41.cal","1,00",2022-09-09 20:26,1,3,TN,"12,02","11,01","0,4530","0,4190",NPOC:10.43 TN:0.4190,10.43,0.419,"1,974","0,06670",21,0,150
Unknown,NPOC/TN,67,MI2_Di3,Di,E,C:\TOC-L\Methods\NPOC-TN_9ml_CB_150ulinj_220831.met,C:\TOC-L\CalCurves\NPOC_2-50ppm_9ml_150ul_CB.2022_08_31_20_26_13.cal,"1,00",2022-09-09 20:36,1,1,NPOC,"133,6","143,3","9,212","9,833",NPOC:9.833 TN:0.4248,9.833,0.4248,"0,7234","0,04619",22,1,150
Unknown,NPOC/TN,67,MI2_Di3,Di,E,C:\TOC-L\Methods\NPOC-TN_9ml_CB_150ulinj_220831.met,C:\TOC-L\CalCurves\NPOC_2-50ppm_9ml_150ul_CB.2022_08_31_20_26_13.cal,"1,00",2022-09-09 20:40,1,2,NPOC,"143,7","143,3","9,856","9,833",NPOC:9.833 TN:0.4248,9.833,0.4248,"0,7234","0,04619",22,0,150
Unknown,NPOC/TN,67,MI2_Di3,Di,E,C:\TOC-L\Methods\NPOC-TN_9ml_CB_150ulinj_220831.met,C:\TOC-L\CalCurves\NPOC_2-50ppm_9ml_150ul_CB.2022_08_31_20_26_13.cal,"1,00",2022-09-09 20:44,1,3,NPOC,"142,5","143,3","9,780","9,833",NPOC:9.833 TN:0.4248,9.833,0.4248,"0,7234","0,04619",22,0,150
Unknown,NPOC/TN,67,MI2_Di3,Di,E,C:\TOC-L\Methods\NPOC-TN_9ml_CB_150ulinj_220831.met,C:\TOC-L\CalCurves\NPOC_2-50ppm_9ml_150ul_CB.2022_08_31_20_26_13.cal,"1,00",2022-09-09 20:48,1,4,NPOC,"143,8","143,3","9,863","9,833",NPOC:9.833 TN:0.4248,9.833,0.4248,"0,7234","0,04619",22,0,150
Unknown,NPOC/TN,67,MI2_Di3,Di,E,C:\TOC-L\Methods\NPOC-TN_9ml_CB_150ulinj_220831.met,"C:\TOC-L\CalCurves\TN_0,2-5ppm_9ml_150ul_CB.2022_08_31_21_55_41.cal","1,00",2022-09-09 20:36,1,1,TN,"10,46","11,18","0,4003","0,4248",NPOC:9.833 TN:0.4248,9.833,0.4248,"0,6691","0,02260",22,0,150
Unknown,NPOC/TN,67,MI2_Di3,Di,E,C:\TOC-L\Methods\NPOC-TN_9ml_CB_150ulinj_220831.met,"C:\TOC-L\CalCurves\TN_0,2-5ppm_9ml_150ul_CB.2022_08_31_21_55_41.cal","1,00",2022-09-09 20:40,1,2,TN,"11,78","11,18","0,4449","0,4248",NPOC:9.833 TN:0.4248,9.833,0.4248,"0,6691","0,02260",22,0,150
Unknown,NPOC/TN,67,MI2_Di3,Di,E,C:\TOC-L\Methods\NPOC-TN_9ml_CB_150ulinj_220831.met,"C:\TOC-L\CalCurves\TN_0,2-5ppm_9ml_150ul_CB.2022_08_31_21_55_41.cal","1,00",2022-09-09 20:44,1,3,TN,"11,31","11,18","0,4290","0,4248",NPOC:9.833 TN:0.4248,9.833,0.4248,"0,6691","0,02260",22,0,150
Unknown,NPOC/TN,68,MI2_Di4,Di,D,C:\TOC-L\Methods\NPOC-TN_9ml_CB_150ulinj_220831.met,C:\TOC-L\CalCurves\NPOC_2-50ppm_9ml_150ul_CB.2022_08_31_20_26_13.cal,"1,00",2022-09-09 20:53,1,1,NPOC,"0,7779","156,4","0,7313","10,67",NPOC:10.67 TN:0.4709,10.67,0.4709,"0,4726","0,03017",23,1,150
Unknown,NPOC/TN,68,MI2_Di4,Di,D,C:\TOC-L\Methods\NPOC-TN_9ml_CB_150ulinj_220831.met,C:\TOC-L\CalCurves\NPOC_2-50ppm_9ml_150ul_CB.2022_08_31_20_26_13.cal,"1,00",2022-09-09 20:56,1,2,NPOC,"156,6","156,4","10,68","10,67",NPOC:10.67 TN:0.4709,10.67,0.4709,"0,4726","0,03017",23,0,150
Unknown,NPOC/TN,68,MI2_Di4,Di,D,C:\TOC-L\Methods\NPOC-TN_9ml_CB_150ulinj_220831.met,C:\TOC-L\CalCurves\NPOC_2-50ppm_9ml_150ul_CB.2022_08_31_20_26_13.cal,"1,00",2022-09-09 21:00,1,3,NPOC,"156,8","156,4","10,69","10,67",NPOC:10.67 TN:0.4709,10.67,0.4709,"0,4726","0,03017",23,0,150
Unknown,NPOC/TN,68,MI2_Di4,Di,D,C:\TOC-L\Methods\NPOC-TN_9ml_CB_150ulinj_220831.met,C:\TOC-L\CalCurves\NPOC_2-50ppm_9ml_150ul_CB.2022_08_31_20_26_13.cal,"1,00",2022-09-09 21:04,1,4,NPOC,"155,9","156,4","10,64","10,67",NPOC:10.67 TN:0.4709,10.67,0.4709,"0,4726","0,03017",23,0,150
Unknown,NPOC/TN,68,MI2_Di4,Di,D,C:\TOC-L\Methods\NPOC-TN_9ml_CB_150ulinj_220831.met,"C:\TOC-L\CalCurves\TN_0,2-5ppm_9ml_150ul_CB.2022_08_31_21_55_41.cal","1,00",2022-09-09 20:53,1,1,TN,"0,000","12,55","0,04694","0,4709",NPOC:10.67 TN:0.4709,10.67,0.4709,"0,2706","0,00914",23,1,150
Unknown,NPOC/TN,68,MI2_Di4,Di,D,C:\TOC-L\Methods\NPOC-TN_9ml_CB_150ulinj_220831.met,"C:\TOC-L\CalCurves\TN_0,2-5ppm_9ml_150ul_CB.2022_08_31_21_55_41.cal","1,00",2022-09-09 20:56,1,2,TN,"12,53","12,55","0,4703","0,4709",NPOC:10.67 TN:0.4709,10.67,0.4709,"0,2706","0,00914",23,0,150
Unknown,NPOC/TN,68,MI2_Di4,Di,D,C:\TOC-L\Methods\NPOC-TN_9ml_CB_150ulinj_220831.met,"C:\TOC-L\CalCurves\TN_0,2-5ppm_9ml_150ul_CB.2022_08_31_21_55_41.cal","1,00",2022-09-09 21:00,1,3,TN,"12,29","12,55","0,4621","0,4709",NPOC:10.67 TN:0.4709,10.67,0.4709,"0,2706","0,00914",23,0,150
Unknown,NPOC/TN,68,MI2_Di4,Di,D,C:\TOC-L\Methods\NPOC-TN_9ml_CB_150ulinj_220831.met,"C:\TOC-L\CalCurves\TN_0,2-5ppm_9ml_150ul_CB.2022_08_31_21_55_41.cal","1,00",2022-09-09 21:04,1,4,TN,"12,83","12,55","0,4804","0,4709",NPOC:10.67 TN:0.4709,10.67,0.4709,"0,2706","0,00914",23,0,150
Unknown,NPOC/TN,69,MI2_Di5,Di,E,C:\TOC-L\Methods\NPOC-TN_9ml_CB_150ulinj_220831.met,C:\TOC-L\CalCurves\NPOC_2-50ppm_9ml_150ul_CB.2022_08_31_20_26_13.cal,"1,00",2022-09-09 21:10,1,1,NPOC,"142,5","144,2","9,780","9,890",NPOC:9.890 TN:0.4588,9.89,0.4588,"1,531","0,09774",24,0,150
Unknown,NPOC/TN,69,MI2_Di5,Di,E,C:\TOC-L\Methods\NPOC-TN_9ml_CB_150ulinj_220831.met,C:\TOC-L\CalCurves\NPOC_2-50ppm_9ml_150ul_CB.2022_08_31_20_26_13.cal,"1,00",2022-09-09 21:14,1,2,NPOC,"144,8","144,2","9,927","9,890",NPOC:9.890 TN:0.4588,9.89,0.4588,"1,531","0,09774",24,0,150
Unknown,NPOC/TN,69,MI2_Di5,Di,E,C:\TOC-L\Methods\NPOC-TN_9ml_CB_150ulinj_220831.met,C:\TOC-L\CalCurves\NPOC_2-50ppm_9ml_150ul_CB.2022_08_31_20_26_13.cal,"1,00",2022-09-09 21:18,1,3,NPOC,"145,4","144,2","9,965","9,890",NPOC:9.890 TN:0.4588,9.89,0.4588,"1,531","0,09774",24,0,150
Unknown,NPOC/TN,69,MI2_Di5,Di,E,C:\TOC-L\Methods\NPOC-TN_9ml_CB_150ulinj_220831.met,"C:\TOC-L\CalCurves\TN_0,2-5ppm_9ml_150ul_CB.2022_08_31_21_55_41.cal","1,00",2022-09-09 21:10,1,1,TN,"11,81","12,19","0,4459","0,4588",NPOC:9.890 TN:0.4588,9.89,0.4588,"0,4386","0,01482",24,0,150
Unknown,NPOC/TN,69,MI2_Di5,Di,E,C:\TOC-L\Methods\NPOC-TN_9ml_CB_150ulinj_220831.met,"C:\TOC-L\CalCurves\TN_0,2-5ppm_9ml_150ul_CB.2022_08_31_21_55_41.cal","1,00",2022-09-09 21:14,1,2,TN,"12,09","12,19","0,4554","0,4588",NPOC:9.890 TN:0.4588,9.89,0.4588,"0,4386","0,01482",24,0,150
Unknown,NPOC/TN,69,MI2_Di5,Di,E,C:\TOC-L\Methods\NPOC-TN_9ml_CB_150ulinj_220831.met,"C:\TOC-L\CalCurves\TN_0,2-5ppm_9ml_150ul_CB.2022_08_31_21_55_41.cal","1,00",2022-09-09 21:18,1,3,TN,"12,67","12,19","0,4750","0,4588",NPOC:9.890 TN:0.4588,9.89,0.4588,"0,4386","0,01482",24,0,150
Unknown,NPOC/TN,80,MI2_Di6,Di,C,C:\TOC-L\Methods\NPOC-TN_9ml_CB_150ulinj_220831.met,C:\TOC-L\CalCurves\NPOC_2-50ppm_9ml_150ul_CB.2022_08_31_20_26_13.cal,"1,00",2022-09-09 21:24,1,1,NPOC,"129,6","135,1","8,956","9,307",NPOC:9.307 TN:0.4286,9.307,0.4286,"0,4359","0,02783",25,1,150
Unknown,NPOC/TN,80,MI2_Di6,Di,C,C:\TOC-L\Methods\NPOC-TN_9ml_CB_150ulinj_220831.met,C:\TOC-L\CalCurves\NPOC_2-50ppm_9ml_150ul_CB.2022_08_31_20_26_13.cal,"1,00",2022-09-09 21:27,1,2,NPOC,"135,3","135,1","9,320","9,307",NPOC:9.307 TN:0.4286,9.307,0.4286,"0,4359","0,02783",25,0,150
Unknown,NPOC/TN,80,MI2_Di6,Di,C,C:\TOC-L\Methods\NPOC-TN_9ml_CB_150ulinj_220831.met,C:\TOC-L\CalCurves\NPOC_2-50ppm_9ml_150ul_CB.2022_08_31_20_26_13.cal,"1,00",2022-09-09 21:31,1,3,NPOC,"134,6","135,1","9,275","9,307",NPOC:9.307 TN:0.4286,9.307,0.4286,"0,4359","0,02783",25,0,150
Unknown,NPOC/TN,80,MI2_Di6,Di,C,C:\TOC-L\Methods\NPOC-TN_9ml_CB_150ulinj_220831.met,C:\TOC-L\CalCurves\NPOC_2-50ppm_9ml_150ul_CB.2022_08_31_20_26_13.cal,"1,00",2022-09-09 21:35,1,4,NPOC,"135,4","135,1","9,326","9,307",NPOC:9.307 TN:0.4286,9.307,0.4286,"0,4359","0,02783",25,0,150
Unknown,NPOC/TN,80,MI2_Di6,Di,C,C:\TOC-L\Methods\NPOC-TN_9ml_CB_150ulinj_220831.met,"C:\TOC-L\CalCurves\TN_0,2-5ppm_9ml_150ul_CB.2022_08_31_21_55_41.cal","1,00",2022-09-09 21:24,1,1,TN,"11,07","11,30","0,4209","0,4286",NPOC:9.307 TN:0.4286,9.307,0.4286,"0,2053","0,00693",25,0,150
Unknown,NPOC/TN,80,MI2_Di6,Di,C,C:\TOC-L\Methods\NPOC-TN_9ml_CB_150ulinj_220831.met,"C:\TOC-L\CalCurves\TN_0,2-5ppm_9ml_150ul_CB.2022_08_31_21_55_41.cal","1,00",2022-09-09 21:27,1,2,TN,"11,47","11,30","0,4344","0,4286",NPOC:9.307 TN:0.4286,9.307,0.4286,"0,2053","0,00693",25,0,150
Unknown,NPOC/TN,80,MI2_Di6,Di,C,C:\TOC-L\Methods\NPOC-TN_9ml_CB_150ulinj_220831.met,"C:\TOC-L\CalCurves\TN_0,2-5ppm_9ml_150ul_CB.2022_08_31_21_55_41.cal","1,00",2022-09-09 21:31,1,3,TN,"11,35","11,30","0,4304","0,4286",NPOC:9.307 TN:0.4286,9.307,0.4286,"0,2053","0,00693",25,0,150
Unknown,NPOC/TN,81,MI2_Di7,Di,E,C:\TOC-L\Methods\NPOC-TN_9ml_CB_150ulinj_220831.met,C:\TOC-L\CalCurves\NPOC_2-50ppm_9ml_150ul_CB.2022_08_31_20_26_13.cal,"1,00",2022-09-09 21:41,1,1,NPOC,"51,53","137,6","3,972","9,469",NPOC:9.469 TN:0.4240,9.469,0.424,"0,4509","0,02879",26,1,150
Unknown,NPOC/TN,81,MI2_Di7,Di,E,C:\TOC-L\Methods\NPOC-TN_9ml_CB_150ulinj_220831.met,C:\TOC-L\CalCurves\NPOC_2-50ppm_9ml_150ul_CB.2022_08_31_20_26_13.cal,"1,00",2022-09-09 21:44,1,2,NPOC,"138,1","137,6","9,499","9,469",NPOC:9.469 TN:0.4240,9.469,0.424,"0,4509","0,02879",26,0,150
Unknown,NPOC/TN,81,MI2_Di7,Di,E,C:\TOC-L\Methods\NPOC-TN_9ml_CB_150ulinj_220831.met,C:\TOC-L\CalCurves\NPOC_2-50ppm_9ml_150ul_CB.2022_08_31_20_26_13.cal,"1,00",2022-09-09 21:48,1,3,NPOC,"137,2","137,6","9,441","9,469",NPOC:9.469 TN:0.4240,9.469,0.424,"0,4509","0,02879",26,0,150
Unknown,NPOC/TN,81,MI2_Di7,Di,E,C:\TOC-L\Methods\NPOC-TN_9ml_CB_150ulinj_220831.met,C:\TOC-L\CalCurves\NPOC_2-50ppm_9ml_150ul_CB.2022_08_31_20_26_13.cal,"1,00",2022-09-09 21:52,1,4,NPOC,"137,6","137,6","9,467","9,469",NPOC:9.469 TN:0.4240,9.469,0.424,"0,4509","0,02879",26,0,150
Unknown,NPOC/TN,81,MI2_Di7,Di,E,C:\TOC-L\Methods\NPOC-TN_9ml_CB_150ulinj_220831.met,"C:\TOC-L\CalCurves\TN_0,2-5ppm_9ml_150ul_CB.2022_08_31_21_55_41.cal","1,00",2022-09-09 21:41,1,1,TN,"4,411","11,16","0,1960","0,4240",NPOC:9.469 TN:0.4240,9.469,0.424,"0,1803","0,00609",26,1,150
Unknown,NPOC/TN,81,MI2_Di7,Di,E,C:\TOC-L\Methods\NPOC-TN_9ml_CB_150ulinj_220831.met,"C:\TOC-L\CalCurves\TN_0,2-5ppm_9ml_150ul_CB.2022_08_31_21_55_41.cal","1,00",2022-09-09 21:44,1,2,TN,"10,96","11,16","0,4172","0,4240",NPOC:9.469 TN:0.4240,9.469,0.424,"0,1803","0,00609",26,0,150
Unknown,NPOC/TN,81,MI2_Di7,Di,E,C:\TOC-L\Methods\NPOC-TN_9ml_CB_150ulinj_220831.met,"C:\TOC-L\CalCurves\TN_0,2-5ppm_9ml_150ul_CB.2022_08_31_21_55_41.cal","1,00",2022-09-09 21:48,1,3,TN,"11,31","11,16","0,4290","0,4240",NPOC:9.469 TN:0.4240,9.469,0.424,"0,1803","0,00609",26,0,150
Unknown,NPOC/TN,81,MI2_Di7,Di,E,C:\TOC-L\Methods\NPOC-TN_9ml_CB_150ulinj_220831.met,"C:\TOC-L\CalCurves\TN_0,2-5ppm_9ml_150ul_CB.2022_08_31_21_55_41.cal","1,00",2022-09-09 21:52,1,4,TN,"11,21","11,16","0,4257","0,4240",NPOC:9.469 TN:0.4240,9.469,0.424,"0,1803","0,00609",26,0,150
Unknown,NPOC/TN,82,MI2_Di8,Di,C,C:\TOC-L\Methods\NPOC-TN_9ml_CB_150ulinj_220831.met,C:\TOC-L\CalCurves\NPOC_2-50ppm_9ml_150ul_CB.2022_08_31_20_26_13.cal,"1,00",2022-09-09 21:57,1,1,NPOC,"0,5843","136,6","0,7189","9,401",NPOC:9.401 TN:0.4386,9.401,0.4386,"1,007","0,06427",27,1,150
Unknown,NPOC/TN,82,MI2_Di8,Di,C,C:\TOC-L\Methods\NPOC-TN_9ml_CB_150ulinj_220831.met,C:\TOC-L\CalCurves\NPOC_2-50ppm_9ml_150ul_CB.2022_08_31_20_26_13.cal,"1,00",2022-09-09 22:01,1,2,NPOC,"136,7","136,6","9,409","9,401",NPOC:9.401 TN:0.4386,9.401,0.4386,"1,007","0,06427",27,0,150
Unknown,NPOC/TN,82,MI2_Di8,Di,C,C:\TOC-L\Methods\NPOC-TN_9ml_CB_150ulinj_220831.met,C:\TOC-L\CalCurves\NPOC_2-50ppm_9ml_150ul_CB.2022_08_31_20_26_13.cal,"1,00",2022-09-09 22:05,1,3,NPOC,"135,5","136,6","9,333","9,401",NPOC:9.401 TN:0.4386,9.401,0.4386,"1,007","0,06427",27,0,150
Unknown,NPOC/TN,82,MI2_Di8,Di,C,C:\TOC-L\Methods\NPOC-TN_9ml_CB_150ulinj_220831.met,C:\TOC-L\CalCurves\NPOC_2-50ppm_9ml_150ul_CB.2022_08_31_20_26_13.cal,"1,00",2022-09-09 22:09,1,4,NPOC,"137,5","136,6","9,461","9,401",NPOC:9.401 TN:0.4386,9.401,0.4386,"1,007","0,06427",27,0,150
Unknown,NPOC/TN,82,MI2_Di8,Di,C,C:\TOC-L\Methods\NPOC-TN_9ml_CB_150ulinj_220831.met,"C:\TOC-L\CalCurves\TN_0,2-5ppm_9ml_150ul_CB.2022_08_31_21_55_41.cal","1,00",2022-09-09 21:57,1,1,TN,"0,000","11,59","0,04694","0,4386",NPOC:9.401 TN:0.4386,9.401,0.4386,"0,1102","0,00372",27,1,150
Unknown,NPOC/TN,82,MI2_Di8,Di,C,C:\TOC-L\Methods\NPOC-TN_9ml_CB_150ulinj_220831.met,"C:\TOC-L\CalCurves\TN_0,2-5ppm_9ml_150ul_CB.2022_08_31_21_55_41.cal","1,00",2022-09-09 22:01,1,2,TN,"11,54","11,59","0,4368","0,4386",NPOC:9.401 TN:0.4386,9.401,0.4386,"0,1102","0,00372",27,0,150
Unknown,NPOC/TN,82,MI2_Di8,Di,C,C:\TOC-L\Methods\NPOC-TN_9ml_CB_150ulinj_220831.met,"C:\TOC-L\CalCurves\TN_0,2-5ppm_9ml_150ul_CB.2022_08_31_21_55_41.cal","1,00",2022-09-09 22:05,1,3,TN,"11,72","11,59","0,4429","0,4386",NPOC:9.401 TN:0.4386,9.401,0.4386,"0,1102","0,00372",27,0,150
Unknown,NPOC/TN,82,MI2_Di8,Di,C,C:\TOC-L\Methods\NPOC-TN_9ml_CB_150ulinj_220831.met,"C:\TOC-L\CalCurves\TN_0,2-5ppm_9ml_150ul_CB.2022_08_31_21_55_41.cal","1,00",2022-09-09 22:09,1,4,TN,"11,52","11,59","0,4361","0,4386",NPOC:9.401 TN:0.4386,9.401,0.4386,"0,1102","0,00372",27,0,150
Unknown,NPOC/TN,83,MI2_Di9,Di,D,C:\TOC-L\Methods\NPOC-TN_9ml_CB_150ulinj_220831.met,C:\TOC-L\CalCurves\NPOC_2-50ppm_9ml_150ul_CB.2022_08_31_20_26_13.cal,"1,00",2022-09-09 22:14,1,1,NPOC,"0,7407","153,4","0,7289","10,48",NPOC:10.48 TN:0.3219,10.48,0.3219,"0,4041","0,02580",28,1,150
Unknown,NPOC/TN,83,MI2_Di9,Di,D,C:\TOC-L\Methods\NPOC-TN_9ml_CB_150ulinj_220831.met,C:\TOC-L\CalCurves\NPOC_2-50ppm_9ml_150ul_CB.2022_08_31_20_26_13.cal,"1,00",2022-09-09 22:17,1,2,NPOC,"153,5","153,4","10,48","10,48",NPOC:10.48 TN:0.3219,10.48,0.3219,"0,4041","0,02580",28,0,150
Unknown,NPOC/TN,83,MI2_Di9,Di,D,C:\TOC-L\Methods\NPOC-TN_9ml_CB_150ulinj_220831.met,C:\TOC-L\CalCurves\NPOC_2-50ppm_9ml_150ul_CB.2022_08_31_20_26_13.cal,"1,00",2022-09-09 22:21,1,3,NPOC,"153,0","153,4","10,45","10,48",NPOC:10.48 TN:0.3219,10.48,0.3219,"0,4041","0,02580",28,0,150
Unknown,NPOC/TN,83,MI2_Di9,Di,D,C:\TOC-L\Methods\NPOC-TN_9ml_CB_150ulinj_220831.met,C:\TOC-L\CalCurves\NPOC_2-50ppm_9ml_150ul_CB.2022_08_31_20_26_13.cal,"1,00",2022-09-09 22:25,1,4,NPOC,"153,8","153,4","10,50","10,48",NPOC:10.48 TN:0.3219,10.48,0.3219,"0,4041","0,02580",28,0,150
Unknown,NPOC/TN,83,MI2_Di9,Di,D,C:\TOC-L\Methods\NPOC-TN_9ml_CB_150ulinj_220831.met,"C:\TOC-L\CalCurves\TN_0,2-5ppm_9ml_150ul_CB.2022_08_31_21_55_41.cal","1,00",2022-09-09 22:14,1,1,TN,"0,000","8,140","0,04694","0,3219",NPOC:10.48 TN:0.3219,10.48,0.3219,"7,052","0,2382",28,0,150
Unknown,NPOC/TN,83,MI2_Di9,Di,D,C:\TOC-L\Methods\NPOC-TN_9ml_CB_150ulinj_220831.met,"C:\TOC-L\CalCurves\TN_0,2-5ppm_9ml_150ul_CB.2022_08_31_21_55_41.cal","1,00",2022-09-09 22:17,1,2,TN,"12,03","8,140","0,4534","0,3219",NPOC:10.48 TN:0.3219,10.48,0.3219,"7,052","0,2382",28,0,150
Unknown,NPOC/TN,83,MI2_Di9,Di,D,C:\TOC-L\Methods\NPOC-TN_9ml_CB_150ulinj_220831.met,"C:\TOC-L\CalCurves\TN_0,2-5ppm_9ml_150ul_CB.2022_08_31_21_55_41.cal","1,00",2022-09-09 22:21,1,3,TN,"12,39","8,140","0,4655","0,3219",NPOC:10.48 TN:0.3219,10.48,0.3219,"7,052","0,2382",28,0,150
Unknown,NPOC/TN,84 MQ,MQ,MQ,,C:\TOC-L\Methods\NPOC-TN_9ml_CB_150ulinj_220831.met,C:\TOC-L\CalCurves\NPOC_2-50ppm_9ml_150ul_CB.2022_08_31_20_26_13.cal,"1,00",2022-09-09 22:31,1,1,NPOC,"18,62","15,38","1,870","1,664",NPOC:1.664 TN:0.07200,1.664,0.072,"0,5508","0,03517",29,1,150
Unknown,NPOC/TN,84 MQ,MQ,MQ,,C:\TOC-L\Methods\NPOC-TN_9ml_CB_150ulinj_220831.met,C:\TOC-L\CalCurves\NPOC_2-50ppm_9ml_150ul_CB.2022_08_31_20_26_13.cal,"1,00",2022-09-09 22:34,1,2,NPOC,"16,00","15,38","1,703","1,664",NPOC:1.664 TN:0.07200,1.664,0.072,"0,5508","0,03517",29,0,150
Unknown,NPOC/TN,84 MQ,MQ,MQ,,C:\TOC-L\Methods\NPOC-TN_9ml_CB_150ulinj_220831.met,C:\TOC-L\CalCurves\NPOC_2-50ppm_9ml_150ul_CB.2022_08_31_20_26_13.cal,"1,00",2022-09-09 22:38,1,3,NPOC,"15,21","15,38","1,653","1,664",NPOC:1.664 TN:0.07200,1.664,0.072,"0,5508","0,03517",29,0,150
Unknown,NPOC/TN,84 MQ,MQ,MQ,,C:\TOC-L\Methods\NPOC-TN_9ml_CB_150ulinj_220831.met,C:\TOC-L\CalCurves\NPOC_2-50ppm_9ml_150ul_CB.2022_08_31_20_26_13.cal,"1,00",2022-09-09 22:41,1,4,NPOC,"14,94","15,38","1,635","1,664",NPOC:1.664 TN:0.07200,1.664,0.072,"0,5508","0,03517",29,0,150
Unknown,NPOC/TN,84 MQ,MQ,MQ,,C:\TOC-L\Methods\NPOC-TN_9ml_CB_150ulinj_220831.met,"C:\TOC-L\CalCurves\TN_0,2-5ppm_9ml_150ul_CB.2022_08_31_21_55_41.cal","1,00",2022-09-09 22:31,1,1,TN,"0,8925","0,7418","0,07709","0,07200",NPOC:1.664 TN:0.07200,1.664,0.072,"0,3572","0,01207",29,0,150
Unknown,NPOC/TN,84 MQ,MQ,MQ,,C:\TOC-L\Methods\NPOC-TN_9ml_CB_150ulinj_220831.met,"C:\TOC-L\CalCurves\TN_0,2-5ppm_9ml_150ul_CB.2022_08_31_21_55_41.cal","1,00",2022-09-09 22:34,1,2,TN,"0,9990","0,7418","0,08069","0,07200",NPOC:1.664 TN:0.07200,1.664,0.072,"0,3572","0,01207",29,0,150
Unknown,NPOC/TN,84 MQ,MQ,MQ,,C:\TOC-L\Methods\NPOC-TN_9ml_CB_150ulinj_220831.met,"C:\TOC-L\CalCurves\TN_0,2-5ppm_9ml_150ul_CB.2022_08_31_21_55_41.cal","1,00",2022-09-09 22:38,1,3,TN,"0,3339","0,7418","0,05822","0,07200",NPOC:1.664 TN:0.07200,1.664,0.072,"0,3572","0,01207",29,0,150
Unknown,NPOC/TN,85,MI2_Add1,Add,C,C:\TOC-L\Methods\NPOC-TN_9ml_CB_150ulinj_220831.met,C:\TOC-L\CalCurves\NPOC_2-50ppm_9ml_150ul_CB.2022_08_31_20_26_13.cal,"1,00",2022-09-09 22:46,1,1,NPOC,"0,6324","148,1","0,7220","10,14",NPOC:10.14 TN:0.3571,10.14,0.3571,"37,33","2,383",30,1,150
Unknown,NPOC/TN,85,MI2_Add1,Add,C,C:\TOC-L\Methods\NPOC-TN_9ml_CB_150ulinj_220831.met,C:\TOC-L\CalCurves\NPOC_2-50ppm_9ml_150ul_CB.2022_08_31_20_26_13.cal,"1,00",2022-09-09 22:50,1,2,NPOC,"105,0","148,1","7,386","10,14",NPOC:10.14 TN:0.3571,10.14,0.3571,"37,33","2,383",30,0,150
Unknown,NPOC/TN,85,MI2_Add1,Add,C,C:\TOC-L\Methods\NPOC-TN_9ml_CB_150ulinj_220831.met,C:\TOC-L\CalCurves\NPOC_2-50ppm_9ml_150ul_CB.2022_08_31_20_26_13.cal,"1,00",2022-09-09 22:53,1,3,NPOC,"169,5","148,1","11,50","10,14",NPOC:10.14 TN:0.3571,10.14,0.3571,"37,33","2,383",30,0,150
Unknown,NPOC/TN,85,MI2_Add1,Add,C,C:\TOC-L\Methods\NPOC-TN_9ml_CB_150ulinj_220831.met,C:\TOC-L\CalCurves\NPOC_2-50ppm_9ml_150ul_CB.2022_08_31_20_26_13.cal,"1,00",2022-09-09 22:57,1,4,NPOC,"169,8","148,1","11,52","10,14",NPOC:10.14 TN:0.3571,10.14,0.3571,"37,33","2,383",30,0,150
Unknown,NPOC/TN,85,MI2_Add1,Add,C,C:\TOC-L\Methods\NPOC-TN_9ml_CB_150ulinj_220831.met,"C:\TOC-L\CalCurves\TN_0,2-5ppm_9ml_150ul_CB.2022_08_31_21_55_41.cal","1,00",2022-09-09 22:46,1,1,TN,"0,000","9,180","0,04694","0,3571",NPOC:10.14 TN:0.3571,10.14,0.3571,"8,719","0,2946",30,0,150
Unknown,NPOC/TN,85,MI2_Add1,Add,C,C:\TOC-L\Methods\NPOC-TN_9ml_CB_150ulinj_220831.met,"C:\TOC-L\CalCurves\TN_0,2-5ppm_9ml_150ul_CB.2022_08_31_21_55_41.cal","1,00",2022-09-09 22:50,1,2,TN,"10,19","9,180","0,3912","0,3571",NPOC:10.14 TN:0.3571,10.14,0.3571,"8,719","0,2946",30,0,150
Unknown,NPOC/TN,85,MI2_Add1,Add,C,C:\TOC-L\Methods\NPOC-TN_9ml_CB_150ulinj_220831.met,"C:\TOC-L\CalCurves\TN_0,2-5ppm_9ml_150ul_CB.2022_08_31_21_55_41.cal","1,00",2022-09-09 22:53,1,3,TN,"17,35","9,180","0,6331","0,3571",NPOC:10.14 TN:0.3571,10.14,0.3571,"8,719","0,2946",30,0,150
Unknown,NPOC/TN,86,MI2_Add2,Add,C,C:\TOC-L\Methods\NPOC-TN_9ml_CB_150ulinj_220831.met,C:\TOC-L\CalCurves\NPOC_2-50ppm_9ml_150ul_CB.2022_08_31_20_26_13.cal,"1,00",2022-09-09 23:14,1,1,NPOC,"0,8690","68,73","0,7371","5,069",NPOC:5.069 TN:0.2482,5.069,0.2482,"117,8","7,524",31,0,150
Unknown,NPOC/TN,86,MI2_Add2,Add,D,C:\TOC-L\Methods\NPOC-TN_9ml_CB_150ulinj_220831.met,C:\TOC-L\CalCurves\NPOC_2-50ppm_9ml_150ul_CB.2022_08_31_20_26_13.cal,"1,00",2022-09-09 23:16,1,2,NPOC,"0,5067","68,73","0,7140","5,069",NPOC:5.069 TN:0.2482,5.069,0.2482,"117,8","7,524",31,0,150
Unknown,NPOC/TN,86,MI2_Add2,Add,D,C:\TOC-L\Methods\NPOC-TN_9ml_CB_150ulinj_220831.met,C:\TOC-L\CalCurves\NPOC_2-50ppm_9ml_150ul_CB.2022_08_31_20_26_13.cal,"1,00",2022-09-09 23:20,1,3,NPOC,"204,8","68,73","13,76","5,069",NPOC:5.069 TN:0.2482,5.069,0.2482,"117,8","7,524",31,0,150
Unknown,NPOC/TN,86,MI2_Add2,Add,D,C:\TOC-L\Methods\NPOC-TN_9ml_CB_150ulinj_220831.met,C:\TOC-L\CalCurves\NPOC_2-50ppm_9ml_150ul_CB.2022_08_31_20_26_13.cal,"1,00",2022-09-09 23:24,1,4,NPOC,"209,6","68,73","14,06","5,069",NPOC:5.069 TN:0.2482,5.069,0.2482,"117,8","7,524",31,1,150
Unknown,NPOC/TN,86,MI2_Add2,Add,D,C:\TOC-L\Methods\NPOC-TN_9ml_CB_150ulinj_220831.met,"C:\TOC-L\CalCurves\TN_0,2-5ppm_9ml_150ul_CB.2022_08_31_21_55_41.cal","1,00",2022-09-09 23:14,1,1,TN,"0,000","5,957","0,04694","0,2482",NPOC:5.069 TN:0.2482,5.069,0.2482,"10,32","0,3486",31,0,150
Unknown,NPOC/TN,86,MI2_Add2,Add,D,C:\TOC-L\Methods\NPOC-TN_9ml_CB_150ulinj_220831.met,"C:\TOC-L\CalCurves\TN_0,2-5ppm_9ml_150ul_CB.2022_08_31_21_55_41.cal","1,00",2022-09-09 23:16,1,2,TN,"0,000","5,957","0,04694","0,2482",NPOC:5.069 TN:0.2482,5.069,0.2482,"10,32","0,3486",31,0,150
Unknown,NPOC/TN,86,MI2_Add2,Add,D,C:\TOC-L\Methods\NPOC-TN_9ml_CB_150ulinj_220831.met,"C:\TOC-L\CalCurves\TN_0,2-5ppm_9ml_150ul_CB.2022_08_31_21_55_41.cal","1,00",2022-09-09 23:20,1,3,TN,"17,87","5,957","0,6507","0,2482",NPOC:5.069 TN:0.2482,5.069,0.2482,"10,32","0,3486",31,0,150
Unknown,NPOC/TN,87,MI2_Add3,Add,E,C:\TOC-L\Methods\NPOC-TN_9ml_CB_150ulinj_220831.met,C:\TOC-L\CalCurves\NPOC_2-50ppm_9ml_150ul_CB.2022_08_31_20_26_13.cal,"1,00",2022-09-09 23:29,1,1,NPOC,"0,8793","8,336","0,7378","1,214",NPOC:1.214 TN:0.06847,1.214,0.06847,"13,11","0,8368",32,0,150
Unknown,NPOC/TN,87,MI2_Add3,Add,E,C:\TOC-L\Methods\NPOC-TN_9ml_CB_150ulinj_220831.met,C:\TOC-L\CalCurves\NPOC_2-50ppm_9ml_150ul_CB.2022_08_31_20_26_13.cal,"1,00",2022-09-09 23:32,1,2,NPOC,"0,6588","8,336","0,7237","1,214",NPOC:1.214 TN:0.06847,1.214,0.06847,"13,11","0,8368",32,0,150
Unknown,NPOC/TN,87,MI2_Add3,Add,E,C:\TOC-L\Methods\NPOC-TN_9ml_CB_150ulinj_220831.met,C:\TOC-L\CalCurves\NPOC_2-50ppm_9ml_150ul_CB.2022_08_31_20_26_13.cal,"1,00",2022-09-09 23:35,1,3,NPOC,"23,47","8,336","2,180","1,214",NPOC:1.214 TN:0.06847,1.214,0.06847,"13,11","0,8368",32,0,150
Unknown,NPOC/TN,87,MI2_Add3,Add,E,C:\TOC-L\Methods\NPOC-TN_9ml_CB_150ulinj_220831.met,C:\TOC-L\CalCurves\NPOC_2-50ppm_9ml_150ul_CB.2022_08_31_20_26_13.cal,"1,00",2022-09-09 23:39,1,4,NPOC,"182,4","8,336","12,33","1,214",NPOC:1.214 TN:0.06847,1.214,0.06847,"13,11","0,8368",32,1,150
Unknown,NPOC/TN,87,MI2_Add3,Add,E,C:\TOC-L\Methods\NPOC-TN_9ml_CB_150ulinj_220831.met,"C:\TOC-L\CalCurves\TN_0,2-5ppm_9ml_150ul_CB.2022_08_31_21_55_41.cal","1,00",2022-09-09 23:29,1,1,TN,"0,000","0,6373","0,04694","0,06847",NPOC:1.214 TN:0.06847,1.214,0.06847,"1,104","0,03729",32,0,150
Unknown,NPOC/TN,87,MI2_Add3,Add,E,C:\TOC-L\Methods\NPOC-TN_9ml_CB_150ulinj_220831.met,"C:\TOC-L\CalCurves\TN_0,2-5ppm_9ml_150ul_CB.2022_08_31_21_55_41.cal","1,00",2022-09-09 23:32,1,2,TN,"0,000","0,6373","0,04694","0,06847",NPOC:1.214 TN:0.06847,1.214,0.06847,"1,104","0,03729",32,0,150
Unknown,NPOC/TN,87,MI2_Add3,Add,E,C:\TOC-L\Methods\NPOC-TN_9ml_CB_150ulinj_220831.met,"C:\TOC-L\CalCurves\TN_0,2-5ppm_9ml_150ul_CB.2022_08_31_21_55_41.cal","1,00",2022-09-09 23:35,1,3,TN,"1,912","0,6373","0,1115","0,06847",NPOC:1.214 TN:0.06847,1.214,0.06847,"1,104","0,03729",32,0,150
Unknown,NPOC/TN,87,MI2_Add3,Add,E,C:\TOC-L\Methods\NPOC-TN_9ml_CB_150ulinj_220831.met,"C:\TOC-L\CalCurves\TN_0,2-5ppm_9ml_150ul_CB.2022_08_31_21_55_41.cal","1,00",2022-09-09 23:39,1,4,TN,"16,63","0,6373","0,6088","0,06847",NPOC:1.214 TN:0.06847,1.214,0.06847,"1,104","0,03729",32,1,150
Unknown,NPOC/TN,88,MI2_Add4,Add,D,C:\TOC-L\Methods\NPOC-TN_9ml_CB_150ulinj_220831.met,C:\TOC-L\CalCurves\NPOC_2-50ppm_9ml_150ul_CB.2022_08_31_20_26_13.cal,"1,00",2022-09-09 23:44,1,1,NPOC,"0,7206","165,8","0,7276","11,27",NPOC:11.27 TN:0.4944,11.27,0.4944,"71,68","4,576",33,1,150
Unknown,NPOC/TN,88,MI2_Add4,Add,D,C:\TOC-L\Methods\NPOC-TN_9ml_CB_150ulinj_220831.met,C:\TOC-L\CalCurves\NPOC_2-50ppm_9ml_150ul_CB.2022_08_31_20_26_13.cal,"1,00",2022-09-09 23:48,1,2,NPOC,"83,07","165,8","5,985","11,27",NPOC:11.27 TN:0.4944,11.27,0.4944,"71,68","4,576",33,0,150
Unknown,NPOC/TN,88,MI2_Add4,Add,D,C:\TOC-L\Methods\NPOC-TN_9ml_CB_150ulinj_220831.met,C:\TOC-L\CalCurves\NPOC_2-50ppm_9ml_150ul_CB.2022_08_31_20_26_13.cal,"1,00",2022-09-09 23:52,1,3,NPOC,"208,5","165,8","13,99","11,27",NPOC:11.27 TN:0.4944,11.27,0.4944,"71,68","4,576",33,0,150
Unknown,NPOC/TN,88,MI2_Add4,Add,D,C:\TOC-L\Methods\NPOC-TN_9ml_CB_150ulinj_220831.met,C:\TOC-L\CalCurves\NPOC_2-50ppm_9ml_150ul_CB.2022_08_31_20_26_13.cal,"1,00",2022-09-09 23:55,1,4,NPOC,"205,9","165,8","13,83","11,27",NPOC:11.27 TN:0.4944,11.27,0.4944,"71,68","4,576",33,0,150
Unknown,NPOC/TN,88,MI2_Add4,Add,D,C:\TOC-L\Methods\NPOC-TN_9ml_CB_150ulinj_220831.met,"C:\TOC-L\CalCurves\TN_0,2-5ppm_9ml_150ul_CB.2022_08_31_21_55_41.cal","1,00",2022-09-09 23:44,1,1,TN,"0,000","13,25","0,04694","0,4944",NPOC:11.27 TN:0.4944,11.27,0.4944,"5,852","0,1977",33,1,150
Unknown,NPOC/TN,88,MI2_Add4,Add,D,C:\TOC-L\Methods\NPOC-TN_9ml_CB_150ulinj_220831.met,"C:\TOC-L\CalCurves\TN_0,2-5ppm_9ml_150ul_CB.2022_08_31_21_55_41.cal","1,00",2022-09-09 23:48,1,2,TN,"6,498","13,25","0,2665","0,4944",NPOC:11.27 TN:0.4944,11.27,0.4944,"5,852","0,1977",33,0,150
Unknown,NPOC/TN,88,MI2_Add4,Add,D,C:\TOC-L\Methods\NPOC-TN_9ml_CB_150ulinj_220831.met,"C:\TOC-L\CalCurves\TN_0,2-5ppm_9ml_150ul_CB.2022_08_31_21_55_41.cal","1,00",2022-09-09 23:52,1,3,TN,"16,31","13,25","0,5980","0,4944",NPOC:11.27 TN:0.4944,11.27,0.4944,"5,852","0,1977",33,0,150
Unknown,NPOC/TN,88,MI2_Add4,Add,D,C:\TOC-L\Methods\NPOC-TN_9ml_CB_150ulinj_220831.met,"C:\TOC-L\CalCurves\TN_0,2-5ppm_9ml_150ul_CB.2022_08_31_21_55_41.cal","1,00",2022-09-09 23:55,1,4,TN,"16,93","13,25","0,6189","0,4944",NPOC:11.27 TN:0.4944,11.27,0.4944,"5,852","0,1977",33,0,150
Unknown,NPOC/TN,89,MI2_Add5,Add,E,C:\TOC-L\Methods\NPOC-TN_9ml_CB_150ulinj_220831.met,C:\TOC-L\CalCurves\NPOC_2-50ppm_9ml_150ul_CB.2022_08_31_20_26_13.cal,"1,00",2022-09-10 0:01,1,1,NPOC,"180,5","179,8","12,21","12,16",NPOC:12.16 TN:0.5344,12.16,0.5344,"0,5859","0,03741",34,0,150
Unknown,NPOC/TN,89,MI2_Add5,Add,E,C:\TOC-L\Methods\NPOC-TN_9ml_CB_150ulinj_220831.met,C:\TOC-L\CalCurves\NPOC_2-50ppm_9ml_150ul_CB.2022_08_31_20_26_13.cal,"1,00",2022-09-10 0:05,1,2,NPOC,"179,4","179,8","12,14","12,16",NPOC:12.16 TN:0.5344,12.16,0.5344,"0,5859","0,03741",34,0,150
Unknown,NPOC/TN,89,MI2_Add5,Add,E,C:\TOC-L\Methods\NPOC-TN_9ml_CB_150ulinj_220831.met,C:\TOC-L\CalCurves\NPOC_2-50ppm_9ml_150ul_CB.2022_08_31_20_26_13.cal,"1,00",2022-09-10 0:09,1,3,NPOC,"179,6","179,8","12,15","12,16",NPOC:12.16 TN:0.5344,12.16,0.5344,"0,5859","0,03741",34,0,150
Unknown,NPOC/TN,89,MI2_Add5,Add,E,C:\TOC-L\Methods\NPOC-TN_9ml_CB_150ulinj_220831.met,"C:\TOC-L\CalCurves\TN_0,2-5ppm_9ml_150ul_CB.2022_08_31_21_55_41.cal","1,00",2022-09-10 0:01,1,1,TN,"14,12","14,43","0,5240","0,5344",NPOC:12.16 TN:0.5344,12.16,0.5344,"0,2740","0,00926",34,0,150
Unknown,NPOC/TN,89,MI2_Add5,Add,E,C:\TOC-L\Methods\NPOC-TN_9ml_CB_150ulinj_220831.met,"C:\TOC-L\CalCurves\TN_0,2-5ppm_9ml_150ul_CB.2022_08_31_21_55_41.cal","1,00",2022-09-10 0:05,1,2,TN,"14,53","14,43","0,5378","0,5344",NPOC:12.16 TN:0.5344,12.16,0.5344,"0,2740","0,00926",34,0,150
Unknown,NPOC/TN,89,MI2_Add5,Add,E,C:\TOC-L\Methods\NPOC-TN_9ml_CB_150ulinj_220831.met,"C:\TOC-L\CalCurves\TN_0,2-5ppm_9ml_150ul_CB.2022_08_31_21_55_41.cal","1,00",2022-09-10 0:09,1,3,TN,"14,64","14,43","0,5415","0,5344",NPOC:12.16 TN:0.5344,12.16,0.5344,"0,2740","0,00926",34,0,150
Unknown,NPOC/TN,90,MI2_Add6,Add,C,C:\TOC-L\Methods\NPOC-TN_9ml_CB_150ulinj_220831.met,C:\TOC-L\CalCurves\NPOC_2-50ppm_9ml_150ul_CB.2022_08_31_20_26_13.cal,"1,00",2022-09-10 0:14,1,1,NPOC,"23,71","167,7","2,195","11,39",NPOC:11.39 TN:0.5664,11.39,0.5664,"0,9000","0,05746",35,1,150
Unknown,NPOC/TN,90,MI2_Add6,Add,C,C:\TOC-L\Methods\NPOC-TN_9ml_CB_150ulinj_220831.met,C:\TOC-L\CalCurves\NPOC_2-50ppm_9ml_150ul_CB.2022_08_31_20_26_13.cal,"1,00",2022-09-10 0:18,1,2,NPOC,"168,6","167,7","11,45","11,39",NPOC:11.39 TN:0.5664,11.39,0.5664,"0,9000","0,05746",35,0,150
Unknown,NPOC/TN,90,MI2_Add6,Add,C,C:\TOC-L\Methods\NPOC-TN_9ml_CB_150ulinj_220831.met,C:\TOC-L\CalCurves\NPOC_2-50ppm_9ml_150ul_CB.2022_08_31_20_26_13.cal,"1,00",2022-09-10 0:22,1,3,NPOC,"166,8","167,7","11,33","11,39",NPOC:11.39 TN:0.5664,11.39,0.5664,"0,9000","0,05746",35,0,150
Unknown,NPOC/TN,90,MI2_Add6,Add,C,C:\TOC-L\Methods\NPOC-TN_9ml_CB_150ulinj_220831.met,C:\TOC-L\CalCurves\NPOC_2-50ppm_9ml_150ul_CB.2022_08_31_20_26_13.cal,"1,00",2022-09-10 0:26,1,4,NPOC,"167,7","167,7","11,39","11,39",NPOC:11.39 TN:0.5664,11.39,0.5664,"0,9000","0,05746",35,0,150
Unknown,NPOC/TN,90,MI2_Add6,Add,C,C:\TOC-L\Methods\NPOC-TN_9ml_CB_150ulinj_220831.met,"C:\TOC-L\CalCurves\TN_0,2-5ppm_9ml_150ul_CB.2022_08_31_21_55_41.cal","1,00",2022-09-10 0:14,1,1,TN,"1,563","15,38","0,09974","0,5664",NPOC:11.39 TN:0.5664,11.39,0.5664,"0,2747","0,00928",35,1,150
Unknown,NPOC/TN,90,MI2_Add6,Add,C,C:\TOC-L\Methods\NPOC-TN_9ml_CB_150ulinj_220831.met,"C:\TOC-L\CalCurves\TN_0,2-5ppm_9ml_150ul_CB.2022_08_31_21_55_41.cal","1,00",2022-09-10 0:18,1,2,TN,"15,60","15,38","0,5740","0,5664",NPOC:11.39 TN:0.5664,11.39,0.5664,"0,2747","0,00928",35,0,150
Unknown,NPOC/TN,90,MI2_Add6,Add,C,C:\TOC-L\Methods\NPOC-TN_9ml_CB_150ulinj_220831.met,"C:\TOC-L\CalCurves\TN_0,2-5ppm_9ml_150ul_CB.2022_08_31_21_55_41.cal","1,00",2022-09-10 0:22,1,3,TN,"15,46","15,38","0,5692","0,5664",NPOC:11.39 TN:0.5664,11.39,0.5664,"0,2747","0,00928",35,0,150
Unknown,NPOC/TN,90,MI2_Add6,Add,C,C:\TOC-L\Methods\NPOC-TN_9ml_CB_150ulinj_220831.met,"C:\TOC-L\CalCurves\TN_0,2-5ppm_9ml_150ul_CB.2022_08_31_21_55_41.cal","1,00",2022-09-10 0:26,1,4,TN,"15,07","15,38","0,5561","0,5664",NPOC:11.39 TN:0.5664,11.39,0.5664,"0,2747","0,00928",35,0,150
Unknown,NPOC/TN,91,MI2_Add7,Add,E,C:\TOC-L\Methods\NPOC-TN_9ml_CB_150ulinj_220831.met,C:\TOC-L\CalCurves\NPOC_2-50ppm_9ml_150ul_CB.2022_08_31_20_26_13.cal,"1,00",2022-09-10 0:31,1,1,NPOC,"0,6089","172,7","0,7205","11,71",NPOC:11.71 TN:0.5144,11.71,0.5144,"0,7506","0,04792",36,1,150
Unknown,NPOC/TN,91,MI2_Add7,Add,E,C:\TOC-L\Methods\NPOC-TN_9ml_CB_150ulinj_220831.met,C:\TOC-L\CalCurves\NPOC_2-50ppm_9ml_150ul_CB.2022_08_31_20_26_13.cal,"1,00",2022-09-10 0:35,1,2,NPOC,"172,7","172,7","11,71","11,71",NPOC:11.71 TN:0.5144,11.71,0.5144,"0,7506","0,04792",36,0,150
Unknown,NPOC/TN,91,MI2_Add7,Add,E,C:\TOC-L\Methods\NPOC-TN_9ml_CB_150ulinj_220831.met,C:\TOC-L\CalCurves\NPOC_2-50ppm_9ml_150ul_CB.2022_08_31_20_26_13.cal,"1,00",2022-09-10 0:38,1,3,NPOC,"173,4","172,7","11,75","11,71",NPOC:11.71 TN:0.5144,11.71,0.5144,"0,7506","0,04792",36,0,150
Unknown,NPOC/TN,91,MI2_Add7,Add,E,C:\TOC-L\Methods\NPOC-TN_9ml_CB_150ulinj_220831.met,C:\TOC-L\CalCurves\NPOC_2-50ppm_9ml_150ul_CB.2022_08_31_20_26_13.cal,"1,00",2022-09-10 0:42,1,4,NPOC,"171,9","172,7","11,66","11,71",NPOC:11.71 TN:0.5144,11.71,0.5144,"0,7506","0,04792",36,0,150
Unknown,NPOC/TN,91,MI2_Add7,Add,E,C:\TOC-L\Methods\NPOC-TN_9ml_CB_150ulinj_220831.met,"C:\TOC-L\CalCurves\TN_0,2-5ppm_9ml_150ul_CB.2022_08_31_21_55_41.cal","1,00",2022-09-10 0:31,1,1,TN,"0,000","13,84","0,04694","0,5144",NPOC:11.71 TN:0.5144,11.71,0.5144,"0,2150","0,00726",36,1,150
Unknown,NPOC/TN,91,MI2_Add7,Add,E,C:\TOC-L\Methods\NPOC-TN_9ml_CB_150ulinj_220831.met,"C:\TOC-L\CalCurves\TN_0,2-5ppm_9ml_150ul_CB.2022_08_31_21_55_41.cal","1,00",2022-09-10 0:35,1,2,TN,"13,89","13,84","0,5162","0,5144",NPOC:11.71 TN:0.5144,11.71,0.5144,"0,2150","0,00726",36,0,150
Unknown,NPOC/TN,91,MI2_Add7,Add,E,C:\TOC-L\Methods\NPOC-TN_9ml_CB_150ulinj_220831.met,"C:\TOC-L\CalCurves\TN_0,2-5ppm_9ml_150ul_CB.2022_08_31_21_55_41.cal","1,00",2022-09-10 0:38,1,3,TN,"14,02","13,84","0,5206","0,5144",NPOC:11.71 TN:0.5144,11.71,0.5144,"0,2150","0,00726",36,0,150
Unknown,NPOC/TN,91,MI2_Add7,Add,E,C:\TOC-L\Methods\NPOC-TN_9ml_CB_150ulinj_220831.met,"C:\TOC-L\CalCurves\TN_0,2-5ppm_9ml_150ul_CB.2022_08_31_21_55_41.cal","1,00",2022-09-10 0:42,1,4,TN,"13,60","13,84","0,5064","0,5144",NPOC:11.71 TN:0.5144,11.71,0.5144,"0,2150","0,00726",36,0,150
Unknown,NPOC/TN,92,MI2_Add8,Add,C,C:\TOC-L\Methods\NPOC-TN_9ml_CB_150ulinj_220831.met,C:\TOC-L\CalCurves\NPOC_2-50ppm_9ml_150ul_CB.2022_08_31_20_26_13.cal,"1,00",2022-09-10 0:47,1,1,NPOC,"0,7246","163,1","0,7279","11,09",NPOC:11.09 TN:0.3998,11.09,0.3998,"1,069","0,06827",37,1,150
Unknown,NPOC/TN,92,MI2_Add8,Add,C,C:\TOC-L\Methods\NPOC-TN_9ml_CB_150ulinj_220831.met,C:\TOC-L\CalCurves\NPOC_2-50ppm_9ml_150ul_CB.2022_08_31_20_26_13.cal,"1,00",2022-09-10 0:51,1,2,NPOC,"164,3","163,1","11,17","11,09",NPOC:11.09 TN:0.3998,11.09,0.3998,"1,069","0,06827",37,0,150
Unknown,NPOC/TN,92,MI2_Add8,Add,C,C:\TOC-L\Methods\NPOC-TN_9ml_CB_150ulinj_220831.met,C:\TOC-L\CalCurves\NPOC_2-50ppm_9ml_150ul_CB.2022_08_31_20_26_13.cal,"1,00",2022-09-10 0:55,1,3,NPOC,"162,5","163,1","11,06","11,09",NPOC:11.09 TN:0.3998,11.09,0.3998,"1,069","0,06827",37,0,150
Unknown,NPOC/TN,92,MI2_Add8,Add,C,C:\TOC-L\Methods\NPOC-TN_9ml_CB_150ulinj_220831.met,C:\TOC-L\CalCurves\NPOC_2-50ppm_9ml_150ul_CB.2022_08_31_20_26_13.cal,"1,00",2022-09-10 0:59,1,4,NPOC,"162,4","163,1","11,05","11,09",NPOC:11.09 TN:0.3998,11.09,0.3998,"1,069","0,06827",37,0,150
Unknown,NPOC/TN,92,MI2_Add8,Add,C,C:\TOC-L\Methods\NPOC-TN_9ml_CB_150ulinj_220831.met,"C:\TOC-L\CalCurves\TN_0,2-5ppm_9ml_150ul_CB.2022_08_31_21_55_41.cal","1,00",2022-09-10 0:47,1,1,TN,"0,000","10,44","0,04694","0,3998",NPOC:11.09 TN:0.3998,11.09,0.3998,"9,047","0,3056",37,0,150
Unknown,NPOC/TN,92,MI2_Add8,Add,C,C:\TOC-L\Methods\NPOC-TN_9ml_CB_150ulinj_220831.met,"C:\TOC-L\CalCurves\TN_0,2-5ppm_9ml_150ul_CB.2022_08_31_21_55_41.cal","1,00",2022-09-10 0:51,1,2,TN,"15,44","10,44","0,5686","0,3998",NPOC:11.09 TN:0.3998,11.09,0.3998,"9,047","0,3056",37,0,150
Unknown,NPOC/TN,92,MI2_Add8,Add,C,C:\TOC-L\Methods\NPOC-TN_9ml_CB_150ulinj_220831.met,"C:\TOC-L\CalCurves\TN_0,2-5ppm_9ml_150ul_CB.2022_08_31_21_55_41.cal","1,00",2022-09-10 0:55,1,3,TN,"15,89","10,44","0,5838","0,3998",NPOC:11.09 TN:0.3998,11.09,0.3998,"9,047","0,3056",37,0,150
Unknown,NPOC/TN,93,MI2_Add9,Add,D,C:\TOC-L\Methods\NPOC-TN_9ml_CB_150ulinj_220831.met,C:\TOC-L\CalCurves\NPOC_2-50ppm_9ml_150ul_CB.2022_08_31_20_26_13.cal,"1,00",2022-09-10 1:04,1,1,NPOC,"1,005","208,0","0,7458","13,96",NPOC:13.96 TN:0.4100,13.96,0.41,"0,5132","0,03276",38,1,150
Unknown,NPOC/TN,93,MI2_Add9,Add,D,C:\TOC-L\Methods\NPOC-TN_9ml_CB_150ulinj_220831.met,C:\TOC-L\CalCurves\NPOC_2-50ppm_9ml_150ul_CB.2022_08_31_20_26_13.cal,"1,00",2022-09-10 1:08,1,2,NPOC,"207,4","208,0","13,92","13,96",NPOC:13.96 TN:0.4100,13.96,0.41,"0,5132","0,03276",38,0,150
Unknown,NPOC/TN,93,MI2_Add9,Add,D,C:\TOC-L\Methods\NPOC-TN_9ml_CB_150ulinj_220831.met,C:\TOC-L\CalCurves\NPOC_2-50ppm_9ml_150ul_CB.2022_08_31_20_26_13.cal,"1,00",2022-09-10 1:11,1,3,NPOC,"208,4","208,0","13,99","13,96",NPOC:13.96 TN:0.4100,13.96,0.41,"0,5132","0,03276",38,0,150
Unknown,NPOC/TN,93,MI2_Add9,Add,D,C:\TOC-L\Methods\NPOC-TN_9ml_CB_150ulinj_220831.met,C:\TOC-L\CalCurves\NPOC_2-50ppm_9ml_150ul_CB.2022_08_31_20_26_13.cal,"1,00",2022-09-10 1:15,1,4,NPOC,"208,1","208,0","13,97","13,96",NPOC:13.96 TN:0.4100,13.96,0.41,"0,5132","0,03276",38,0,150
Unknown,NPOC/TN,93,MI2_Add9,Add,D,C:\TOC-L\Methods\NPOC-TN_9ml_CB_150ulinj_220831.met,"C:\TOC-L\CalCurves\TN_0,2-5ppm_9ml_150ul_CB.2022_08_31_21_55_41.cal","1,00",2022-09-10 1:04,1,1,TN,"0,000","10,75","0,04694","0,4100",NPOC:13.96 TN:0.4100,13.96,0.41,"9,309","0,3145",38,0,150
Unknown,NPOC/TN,93,MI2_Add9,Add,D,C:\TOC-L\Methods\NPOC-TN_9ml_CB_150ulinj_220831.met,"C:\TOC-L\CalCurves\TN_0,2-5ppm_9ml_150ul_CB.2022_08_31_21_55_41.cal","1,00",2022-09-10 1:08,1,2,TN,"15,92","10,75","0,5848","0,4100",NPOC:13.96 TN:0.4100,13.96,0.41,"9,309","0,3145",38,0,150
Unknown,NPOC/TN,93,MI2_Add9,Add,D,C:\TOC-L\Methods\NPOC-TN_9ml_CB_150ulinj_220831.met,"C:\TOC-L\CalCurves\TN_0,2-5ppm_9ml_150ul_CB.2022_08_31_21_55_41.cal","1,00",2022-09-10 1:11,1,3,TN,"16,32","10,75","0,5983","0,4100",NPOC:13.96 TN:0.4100,13.96,0.41,"9,309","0,3145",38,0,150
Unknown,NPOC/TN,94 MQ,MQ,MQ,,C:\TOC-L\Methods\NPOC-TN_9ml_CB_150ulinj_220831.met,C:\TOC-L\CalCurves\NPOC_2-50ppm_9ml_150ul_CB.2022_08_31_20_26_13.cal,"1,00",2022-09-10 1:20,1,1,NPOC,"0,7017","25,78","0,7264","2,328",NPOC:2.328 TN:0.08853,2.328,0.08853,"2,136","0,1364",39,1,150
Unknown,NPOC/TN,94 MQ,MQ,MQ,,C:\TOC-L\Methods\NPOC-TN_9ml_CB_150ulinj_220831.met,C:\TOC-L\CalCurves\NPOC_2-50ppm_9ml_150ul_CB.2022_08_31_20_26_13.cal,"1,00",2022-09-10 1:24,1,2,NPOC,"28,22","25,78","2,483","2,328",NPOC:2.328 TN:0.08853,2.328,0.08853,"2,136","0,1364",39,0,150
Unknown,NPOC/TN,94 MQ,MQ,MQ,,C:\TOC-L\Methods\NPOC-TN_9ml_CB_150ulinj_220831.met,C:\TOC-L\CalCurves\NPOC_2-50ppm_9ml_150ul_CB.2022_08_31_20_26_13.cal,"1,00",2022-09-10 1:27,1,3,NPOC,"24,87","25,78","2,269","2,328",NPOC:2.328 TN:0.08853,2.328,0.08853,"2,136","0,1364",39,0,150
Unknown,NPOC/TN,94 MQ,MQ,MQ,,C:\TOC-L\Methods\NPOC-TN_9ml_CB_150ulinj_220831.met,C:\TOC-L\CalCurves\NPOC_2-50ppm_9ml_150ul_CB.2022_08_31_20_26_13.cal,"1,00",2022-09-10 1:31,1,4,NPOC,"24,25","25,78","2,230","2,328",NPOC:2.328 TN:0.08853,2.328,0.08853,"2,136","0,1364",39,0,150
Unknown,NPOC/TN,94 MQ,MQ,MQ,,C:\TOC-L\Methods\NPOC-TN_9ml_CB_150ulinj_220831.met,"C:\TOC-L\CalCurves\TN_0,2-5ppm_9ml_150ul_CB.2022_08_31_21_55_41.cal","1,00",2022-09-10 1:20,1,1,TN,"0,000","1,231","0,04694","0,08853",NPOC:2.328 TN:0.08853,2.328,0.08853,"1,066","0,03602",39,0,150
Unknown,NPOC/TN,94 MQ,MQ,MQ,,C:\TOC-L\Methods\NPOC-TN_9ml_CB_150ulinj_220831.met,"C:\TOC-L\CalCurves\TN_0,2-5ppm_9ml_150ul_CB.2022_08_31_21_55_41.cal","1,00",2022-09-10 1:24,1,2,TN,"1,864","1,231","0,1099","0,08853",NPOC:2.328 TN:0.08853,2.328,0.08853,"1,066","0,03602",39,0,150
Unknown,NPOC/TN,94 MQ,MQ,MQ,,C:\TOC-L\Methods\NPOC-TN_9ml_CB_150ulinj_220831.met,"C:\TOC-L\CalCurves\TN_0,2-5ppm_9ml_150ul_CB.2022_08_31_21_55_41.cal","1,00",2022-09-10 1:27,1,3,TN,"1,829","1,231","0,1087","0,08853",NPOC:2.328 TN:0.08853,2.328,0.08853,"1,066","0,03602",39,0,150
Unknown,NPOC/TN,95 MQ,MQ,MQ,,C:\TOC-L\Methods\NPOC-TN_9ml_CB_150ulinj_220831.met,C:\TOC-L\CalCurves\NPOC_2-50ppm_9ml_150ul_CB.2022_08_31_20_26_13.cal,"1,00",2022-09-10 1:36,1,1,NPOC,"17,69","17,64","1,811","1,808",NPOC:1.808 TN:0.05513,1.808,0.05513,"0,2434","0,01554",40,0,150
Unknown,NPOC/TN,95 MQ,MQ,MQ,,C:\TOC-L\Methods\NPOC-TN_9ml_CB_150ulinj_220831.met,C:\TOC-L\CalCurves\NPOC_2-50ppm_9ml_150ul_CB.2022_08_31_20_26_13.cal,"1,00",2022-09-10 1:40,1,2,NPOC,"17,86","17,64","1,822","1,808",NPOC:1.808 TN:0.05513,1.808,0.05513,"0,2434","0,01554",40,0,150
Unknown,NPOC/TN,95 MQ,MQ,MQ,,C:\TOC-L\Methods\NPOC-TN_9ml_CB_150ulinj_220831.met,C:\TOC-L\CalCurves\NPOC_2-50ppm_9ml_150ul_CB.2022_08_31_20_26_13.cal,"1,00",2022-09-10 1:43,1,3,NPOC,"17,38","17,64","1,791","1,808",NPOC:1.808 TN:0.05513,1.808,0.05513,"0,2434","0,01554",40,0,150
Unknown,NPOC/TN,95 MQ,MQ,MQ,,C:\TOC-L\Methods\NPOC-TN_9ml_CB_150ulinj_220831.met,"C:\TOC-L\CalCurves\TN_0,2-5ppm_9ml_150ul_CB.2022_08_31_21_55_41.cal","1,00",2022-09-10 1:36,1,1,TN,"0,4782","0,2426","0,06309","0,05513",NPOC:1.808 TN:0.05513,1.808,0.05513,"0,2392","0,00808",40,0,150
Unknown,NPOC/TN,95 MQ,MQ,MQ,,C:\TOC-L\Methods\NPOC-TN_9ml_CB_150ulinj_220831.met,"C:\TOC-L\CalCurves\TN_0,2-5ppm_9ml_150ul_CB.2022_08_31_21_55_41.cal","1,00",2022-09-10 1:40,1,2,TN,"0,000","0,2426","0,04694","0,05513",NPOC:1.808 TN:0.05513,1.808,0.05513,"0,2392","0,00808",40,0,150
Unknown,NPOC/TN,95 MQ,MQ,MQ,,C:\TOC-L\Methods\NPOC-TN_9ml_CB_150ulinj_220831.met,"C:\TOC-L\CalCurves\TN_0,2-5ppm_9ml_150ul_CB.2022_08_31_21_55_41.cal","1,00",2022-09-10 1:43,1,3,TN,"0,2495","0,2426","0,05537","0,05513",NPOC:1.808 TN:0.05513,1.808,0.05513,"0,2392","0,00808",40,0,150
Unknown,NPOC/TN,"96 aniontd2 0,905ppp","96 aniontd2 0,905ppp",Calib1_N,,C:\TOC-L\Methods\NPOC-TN_9ml_CB_150ulinj_220831.met,C:\TOC-L\CalCurves\NPOC_2-50ppm_9ml_150ul_CB.2022_08_31_20_26_13.cal,"1,00",2022-09-10 1:49,1,1,NPOC,"5,160","4,823","1,011","0,9896",NPOC:0.9896 TN:0.7618,0.9896,0.7618,"0,2996","0,01913",41,0,150
Unknown,NPOC/TN,"96 aniontd2 0,905ppp","96 aniontd2 0,905ppp",Calib1_N,,C:\TOC-L\Methods\NPOC-TN_9ml_CB_150ulinj_220831.met,C:\TOC-L\CalCurves\NPOC_2-50ppm_9ml_150ul_CB.2022_08_31_20_26_13.cal,"1,00",2022-09-10 1:53,1,2,NPOC,"4,722","4,823","0,9831","0,9896",NPOC:0.9896 TN:0.7618,0.9896,0.7618,"0,2996","0,01913",41,0,150
Unknown,NPOC/TN,"96 aniontd2 0,905ppp","96 aniontd2 0,905ppp",Calib1_N,,C:\TOC-L\Methods\NPOC-TN_9ml_CB_150ulinj_220831.met,C:\TOC-L\CalCurves\NPOC_2-50ppm_9ml_150ul_CB.2022_08_31_20_26_13.cal,"1,00",2022-09-10 1:57,1,3,NPOC,"4,587","4,823","0,9745","0,9896",NPOC:0.9896 TN:0.7618,0.9896,0.7618,"0,2996","0,01913",41,0,150
Unknown,NPOC/TN,"96 aniontd2 0,905ppp","96 aniontd2 0,905ppp",Calib1_N,,C:\TOC-L\Methods\NPOC-TN_9ml_CB_150ulinj_220831.met,"C:\TOC-L\CalCurves\TN_0,2-5ppm_9ml_150ul_CB.2022_08_31_21_55_41.cal","1,00",2022-09-10 1:49,1,1,TN,"20,99","21,16","0,7561","0,7618",NPOC:0.9896 TN:0.7618,0.9896,0.7618,"0,1700","0,00574",41,0,150
Unknown,NPOC/TN,"96 aniontd2 0,905ppp","96 aniontd2 0,905ppp",Calib1_N,,C:\TOC-L\Methods\NPOC-TN_9ml_CB_150ulinj_220831.met,"C:\TOC-L\CalCurves\TN_0,2-5ppm_9ml_150ul_CB.2022_08_31_21_55_41.cal","1,00",2022-09-10 1:53,1,2,TN,"21,16","21,16","0,7618","0,7618",NPOC:0.9896 TN:0.7618,0.9896,0.7618,"0,1700","0,00574",41,0,150
Unknown,NPOC/TN,"96 aniontd2 0,905ppp","96 aniontd2 0,905ppp",Calib1_N,,C:\TOC-L\Methods\NPOC-TN_9ml_CB_150ulinj_220831.met,"C:\TOC-L\CalCurves\TN_0,2-5ppm_9ml_150ul_CB.2022_08_31_21_55_41.cal","1,00",2022-09-10 1:57,1,3,TN,"21,33","21,16","0,7676","0,7618",NPOC:0.9896 TN:0.7618,0.9896,0.7618,"0,1700","0,00574",41,0,150
Unknown,NPOC/TN,"97 NH4Cl 0,967ppm","97 NH4Cl 0,967ppm",Calib2_N,,C:\TOC-L\Methods\NPOC-TN_9ml_CB_150ulinj_220831.met,C:\TOC-L\CalCurves\NPOC_2-50ppm_9ml_150ul_CB.2022_08_31_20_26_13.cal,"1,00",2022-09-10 2:02,1,1,NPOC,"3,260","2,928","0,8898","0,8686",NPOC:0.8686 TN:0.9200,0.8686,0.92,"0,2880","0,01839",42,0,150
Unknown,NPOC/TN,"97 NH4Cl 0,967ppm","97 NH4Cl 0,967ppm",Calib2_N,,C:\TOC-L\Methods\NPOC-TN_9ml_CB_150ulinj_220831.met,C:\TOC-L\CalCurves\NPOC_2-50ppm_9ml_150ul_CB.2022_08_31_20_26_13.cal,"1,00",2022-09-10 2:06,1,2,NPOC,"2,746","2,928","0,8569","0,8686",NPOC:0.8686 TN:0.9200,0.8686,0.92,"0,2880","0,01839",42,0,150
Unknown,NPOC/TN,"97 NH4Cl 0,967ppm","97 NH4Cl 0,967ppm",Calib2_N,,C:\TOC-L\Methods\NPOC-TN_9ml_CB_150ulinj_220831.met,C:\TOC-L\CalCurves\NPOC_2-50ppm_9ml_150ul_CB.2022_08_31_20_26_13.cal,"1,00",2022-09-10 2:10,1,3,NPOC,"2,778","2,928","0,8590","0,8686",NPOC:0.8686 TN:0.9200,0.8686,0.92,"0,2880","0,01839",42,0,150
Unknown,NPOC/TN,"97 NH4Cl 0,967ppm","97 NH4Cl 0,967ppm",Calib2_N,,C:\TOC-L\Methods\NPOC-TN_9ml_CB_150ulinj_220831.met,"C:\TOC-L\CalCurves\TN_0,2-5ppm_9ml_150ul_CB.2022_08_31_21_55_41.cal","1,00",2022-09-10 2:02,1,1,TN,"25,93","25,84","0,9230","0,9200",NPOC:0.8686 TN:0.9200,0.8686,0.92,"0,07506","0,00254",42,0,150
Unknown,NPOC/TN,"97 NH4Cl 0,967ppm","97 NH4Cl 0,967ppm",Calib2_N,,C:\TOC-L\Methods\NPOC-TN_9ml_CB_150ulinj_220831.met,"C:\TOC-L\CalCurves\TN_0,2-5ppm_9ml_150ul_CB.2022_08_31_21_55_41.cal","1,00",2022-09-10 2:06,1,2,TN,"25,80","25,84","0,9186","0,9200",NPOC:0.8686 TN:0.9200,0.8686,0.92,"0,07506","0,00254",42,0,150
Unknown,NPOC/TN,"97 NH4Cl 0,967ppm","97 NH4Cl 0,967ppm",Calib2_N,,C:\TOC-L\Methods\NPOC-TN_9ml_CB_150ulinj_220831.met,"C:\TOC-L\CalCurves\TN_0,2-5ppm_9ml_150ul_CB.2022_08_31_21_55_41.cal","1,00",2022-09-10 2:10,1,3,TN,"25,80","25,84","0,9186","0,9200",NPOC:0.8686 TN:0.9200,0.8686,0.92,"0,07506","0,00254",42,0,150
Unknown,NPOC/TN,"EDTA 8,56ppmC","EDTA 8,56ppmC",Calib1_C,,C:\TOC-L\Methods\NPOC-TN_9ml_CB_150ulinj_220831.met,C:\TOC-L\CalCurves\NPOC_2-50ppm_9ml_150ul_CB.2022_08_31_20_26_13.cal,"1,00",2022-09-10 2:16,1,1,NPOC,"116,9","117,1","8,145","8,158",NPOC:8.158 TN:1.687,8.158,1.687,"0,2646","0,01689",43,0,150
Unknown,NPOC/TN,"EDTA 8,56ppmC","EDTA 8,56ppmC",Calib1_C,,C:\TOC-L\Methods\NPOC-TN_9ml_CB_150ulinj_220831.met,C:\TOC-L\CalCurves\NPOC_2-50ppm_9ml_150ul_CB.2022_08_31_20_26_13.cal,"1,00",2022-09-10 2:20,1,2,NPOC,"117,0","117,1","8,152","8,158",NPOC:8.158 TN:1.687,8.158,1.687,"0,2646","0,01689",43,0,150
Unknown,NPOC/TN,"EDTA 8,56ppmC","EDTA 8,56ppmC",Calib1_C,,C:\TOC-L\Methods\NPOC-TN_9ml_CB_150ulinj_220831.met,C:\TOC-L\CalCurves\NPOC_2-50ppm_9ml_150ul_CB.2022_08_31_20_26_13.cal,"1,00",2022-09-10 2:23,1,3,NPOC,"117,4","117,1","8,177","8,158",NPOC:8.158 TN:1.687,8.158,1.687,"0,2646","0,01689",43,0,150
Unknown,NPOC/TN,"EDTA 8,56ppmC","EDTA 8,56ppmC",Calib1_C,,C:\TOC-L\Methods\NPOC-TN_9ml_CB_150ulinj_220831.met,"C:\TOC-L\CalCurves\TN_0,2-5ppm_9ml_150ul_CB.2022_08_31_21_55_41.cal","1,00",2022-09-10 2:16,1,1,TN,"48,72","48,54","1,693","1,687",NPOC:8.158 TN:1.687,8.158,1.687,"0,1662","0,00562",43,0,150
Unknown,NPOC/TN,"EDTA 8,56ppmC","EDTA 8,56ppmC",Calib1_C,,C:\TOC-L\Methods\NPOC-TN_9ml_CB_150ulinj_220831.met,"C:\TOC-L\CalCurves\TN_0,2-5ppm_9ml_150ul_CB.2022_08_31_21_55_41.cal","1,00",2022-09-10 2:20,1,2,TN,"48,39","48,54","1,682","1,687",NPOC:8.158 TN:1.687,8.158,1.687,"0,1662","0,00562",43,0,150
Unknown,NPOC/TN,"EDTA 8,56ppmC","EDTA 8,56ppmC",Calib1_C,,C:\TOC-L\Methods\NPOC-TN_9ml_CB_150ulinj_220831.met,"C:\TOC-L\CalCurves\TN_0,2-5ppm_9ml_150ul_CB.2022_08_31_21_55_41.cal","1,00",2022-09-10 2:23,1,3,TN,"48,52","48,54","1,686","1,687",NPOC:8.158 TN:1.687,8.158,1.687,"0,1662","0,00562",43,0,150
Unknown,NPOC/TN,"KHP9,90ppmC","KHP9,90ppmC",Calib2_C,,C:\TOC-L\Methods\NPOC-TN_9ml_CB_150ulinj_220831.met,C:\TOC-L\CalCurves\NPOC_2-50ppm_9ml_150ul_CB.2022_08_31_20_26_13.cal,"1,00",2022-09-10 2:30,1,1,NPOC,"140,5","140,6","9,652","9,656",NPOC:9.656 TN:0.07403,9.656,0.07403,"0,05774","0,00369",44,0,150
Unknown,NPOC/TN,"KHP9,90ppmC","KHP9,90ppmC",Calib2_C,,C:\TOC-L\Methods\NPOC-TN_9ml_CB_150ulinj_220831.met,C:\TOC-L\CalCurves\NPOC_2-50ppm_9ml_150ul_CB.2022_08_31_20_26_13.cal,"1,00",2022-09-10 2:33,1,2,NPOC,"140,6","140,6","9,658","9,656",NPOC:9.656 TN:0.07403,9.656,0.07403,"0,05774","0,00369",44,0,150
Unknown,NPOC/TN,"KHP9,90ppmC","KHP9,90ppmC",Calib2_C,,C:\TOC-L\Methods\NPOC-TN_9ml_CB_150ulinj_220831.met,C:\TOC-L\CalCurves\NPOC_2-50ppm_9ml_150ul_CB.2022_08_31_20_26_13.cal,"1,00",2022-09-10 2:37,1,3,NPOC,"140,6","140,6","9,658","9,656",NPOC:9.656 TN:0.07403,9.656,0.07403,"0,05774","0,00369",44,0,150
Unknown,NPOC/TN,"KHP9,90ppmC","KHP9,90ppmC",Calib2_C,,C:\TOC-L\Methods\NPOC-TN_9ml_CB_150ulinj_220831.met,"C:\TOC-L\CalCurves\TN_0,2-5ppm_9ml_150ul_CB.2022_08_31_21_55_41.cal","1,00",2022-09-10 2:30,1,1,TN,"0,7684","0,8020","0,07290","0,07403",NPOC:9.656 TN:0.07403,9.656,0.07403,"0,04223","0,00143",44,0,150
Unknown,NPOC/TN,"KHP9,90ppmC","KHP9,90ppmC",Calib2_C,,C:\TOC-L\Methods\NPOC-TN_9ml_CB_150ulinj_220831.met,"C:\TOC-L\CalCurves\TN_0,2-5ppm_9ml_150ul_CB.2022_08_31_21_55_41.cal","1,00",2022-09-10 2:33,1,2,TN,"0,8494","0,8020","0,07563","0,07403",NPOC:9.656 TN:0.07403,9.656,0.07403,"0,04223","0,00143",44,0,150
Unknown,NPOC/TN,"KHP9,90ppmC","KHP9,90ppmC",Calib2_C,,C:\TOC-L\Methods\NPOC-TN_9ml_CB_150ulinj_220831.met,"C:\TOC-L\CalCurves\TN_0,2-5ppm_9ml_150ul_CB.2022_08_31_21_55_41.cal","1,00",2022-09-10 2:37,1,3,TN,"0,7882","0,8020","0,07357","0,07403",NPOC:9.656 TN:0.07403,9.656,0.07403,"0,04223","0,00143",44,0,150
Unknown,NPOC/TN,MQ,MQ,MQ,,C:\TOC-L\Methods\NPOC-TN_9ml_CB_150ulinj_220831.met,C:\TOC-L\CalCurves\NPOC_2-50ppm_9ml_150ul_CB.2022_08_31_20_26_13.cal,"1,00",2022-09-10 2:43,1,1,NPOC,"33,75","33,11","2,836","2,796",NPOC:2.796 TN:0.06608,2.796,0.06608,"0,5994","0,03827",45,0,150
Unknown,NPOC/TN,MQ,MQ,MQ,,C:\TOC-L\Methods\NPOC-TN_9ml_CB_150ulinj_220831.met,C:\TOC-L\CalCurves\NPOC_2-50ppm_9ml_150ul_CB.2022_08_31_20_26_13.cal,"1,00",2022-09-10 2:46,1,2,NPOC,"33,03","33,11","2,790","2,796",NPOC:2.796 TN:0.06608,2.796,0.06608,"0,5994","0,03827",45,0,150
Unknown,NPOC/TN,MQ,MQ,MQ,,C:\TOC-L\Methods\NPOC-TN_9ml_CB_150ulinj_220831.met,C:\TOC-L\CalCurves\NPOC_2-50ppm_9ml_150ul_CB.2022_08_31_20_26_13.cal,"1,00",2022-09-10 2:50,1,3,NPOC,"32,56","33,11","2,760","2,796",NPOC:2.796 TN:0.06608,2.796,0.06608,"0,5994","0,03827",45,0,150
Unknown,NPOC/TN,MQ,MQ,MQ,,C:\TOC-L\Methods\NPOC-TN_9ml_CB_150ulinj_220831.met,"C:\TOC-L\CalCurves\TN_0,2-5ppm_9ml_150ul_CB.2022_08_31_21_55_41.cal","1,00",2022-09-10 2:43,1,1,TN,"0,4500","0,5667","0,06214","0,06608",NPOC:2.796 TN:0.06608,2.796,0.06608,"0,1030","0,00348",45,0,150
Unknown,NPOC/TN,MQ,MQ,MQ,,C:\TOC-L\Methods\NPOC-TN_9ml_CB_150ulinj_220831.met,"C:\TOC-L\CalCurves\TN_0,2-5ppm_9ml_150ul_CB.2022_08_31_21_55_41.cal","1,00",2022-09-10 2:46,1,2,TN,"0,6049","0,5667","0,06737","0,06608",NPOC:2.796 TN:0.06608,2.796,0.06608,"0,1030","0,00348",45,0,150
Unknown,NPOC/TN,MQ,MQ,,,C:\TOC-L\Methods\NPOC-TN_9ml_CB_150ulinj_220831.met,"C:\TOC-L\CalCurves\TN_0,2-5ppm_9ml_150ul_CB.2022_08_31_21_55_41.cal","1,00",2022-09-10 2:50,,,,,,,,,,,,,,,
